"time_min","std-100|1","std-100|2","std-100|3","std-100|4","std-100|5","std-100|6","std-100|7","std-100|8","std-100|9","std-100|10","std-100|11","sample-1|1","sample-1|2","sample-1|3","sample-1|4","sample-1|5","sample-1|6","sample-1|7","sample-1|8","sample-1|9","sample-1|10","sample-1|11","sample-3|1","sample-3|2","sample-3|3","sample-3|4","sample-3|5","sample-3|6","sample-3|7","sample-3|8","sample-3|9","sample-3|10","sample-3|11"
0,125,101,88,59,29,13,-19,-57,-92,-157,-283,2656,2129,1867,1246,988,741,643,523,368,-1538,-2185,-28948,-28771,-28567,-28441,-28269,-28211,-28184,-28045,-27829,-28227,-28372
0.00833,90,77,68,47,21,7,-23,-60,-94,-157,-283,1945,1649,1508,1053,875,670,589,478,331,-1551,-2191,-27700,-27780,-27911,-27884,-27848,-27906,-27988,-27899,-27708,-28182,-28331
0.01667,56,53,49,35,14,1,-28,-63,-96,-158,-283,1257,1178,1151,861,764,600,535,434,293,-1564,-2197,-26446,-26787,-27254,-27327,-27426,-27600,-27792,-27753,-27587,-28137,-28290
0.025,23,29,29,23,6,-5,-32,-66,-98,-159,-283,615,726,800,672,652,530,482,390,256,-1577,-2203,-25189,-25795,-26598,-26770,-27005,-27295,-27596,-27606,-27467,-28092,-28248
0.03333,-8,7,10,11,-2,-12,-36,-69,-100,-159,-283,24,296,458,486,542,460,428,345,218,-1591,-2209,-23932,-24803,-25942,-26214,-26583,-26991,-27400,-27460,-27346,-28047,-28207
0.04167,-37,-15,-9,-1,-9,-18,-41,-72,-102,-160,-283,-516,-110,123,303,434,391,375,301,181,-1604,-2215,-22677,-23814,-25287,-25658,-26162,-26686,-27204,-27314,-27225,-28002,-28166
0.05,-64,-36,-28,-12,-17,-24,-45,-75,-104,-161,-283,-1008,-495,-203,124,326,323,322,257,144,-1617,-2221,-21429,-22829,-24634,-25103,-25741,-26381,-27008,-27168,-27104,-27957,-28125
0.05833,-90,-56,-46,-24,-24,-30,-49,-78,-106,-162,-283,-1453,-857,-521,-51,221,255,269,213,106,-1630,-2227,-20189,-21848,-23981,-24549,-25321,-26076,-26812,-27021,-26983,-27912,-28084
0.06667,-114,-75,-64,-35,-31,-36,-54,-81,-108,-162,-283,-1853,-1197,-830,-222,116,187,216,169,69,-1644,-2233,-18960,-20874,-23331,-23996,-24901,-25772,-26616,-26875,-26863,-27867,-28042
0.075,-136,-93,-81,-46,-39,-42,-58,-84,-110,-163,-283,-2209,-1517,-1131,-389,14,121,163,125,32,-1657,-2239,-17744,-19906,-22682,-23444,-24482,-25468,-26421,-26729,-26742,-27822,-28001
0.08333,-157,-110,-98,-57,-46,-48,-62,-87,-112,-164,-283,-2523,-1816,-1425,-553,-87,55,111,81,-5,-1670,-2245,-16546,-18948,-22037,-22894,-24064,-25164,-26225,-26583,-26621,-27777,-27960
0.09167,-177,-126,-115,-67,-53,-53,-67,-90,-114,-165,-283,-2797,-2095,-1710,-713,-187,-11,59,37,-43,-1684,-2250,-15367,-17998,-21393,-22346,-23646,-24860,-26029,-26437,-26500,-27732,-27919
0.1,-195,-142,-132,-77,-59,-59,-71,-93,-115,-165,-283,-3033,-2355,-1987,-869,-284,-75,7,-6,-80,-1697,-2256,-14211,-17060,-20753,-21800,-23229,-24557,-25834,-26290,-26380,-27687,-27878
0.10833,-211,-157,-148,-87,-66,-65,-75,-96,-117,-166,-283,-3233,-2595,-2257,-1022,-380,-139,-45,-50,-117,-1710,-2262,-13079,-16134,-20117,-21256,-22813,-24254,-25638,-26144,-26259,-27642,-27836
0.11667,-226,-171,-163,-97,-73,-71,-79,-99,-119,-167,-283,-3397,-2817,-2519,-1171,-475,-202,-96,-93,-154,-1723,-2268,-11976,-15221,-19484,-20714,-22399,-23951,-25443,-25998,-26138,-27597,-27795
0.125,-240,-184,-179,-107,-79,-76,-83,-102,-121,-167,-283,-3528,-3021,-2773,-1317,-568,-265,-147,-137,-191,-1736,-2274,-10903,-14323,-18856,-20175,-21985,-23648,-25247,-25852,-26018,-27552,-27754
0.13333,-252,-196,-194,-117,-85,-82,-88,-105,-123,-168,-283,-3628,-3208,-3019,-1459,-660,-327,-198,-180,-228,-1750,-2280,-9864,-13441,-18232,-19639,-21573,-23346,-25052,-25706,-25897,-27507,-27713
0.14167,-263,-208,-209,-126,-92,-87,-92,-108,-125,-169,-283,-3698,-3378,-3258,-1598,-750,-388,-248,-223,-265,-1763,-2286,-8861,-12576,-17612,-19105,-21161,-23045,-24857,-25560,-25776,-27462,-27671
0.15,-273,-219,-223,-135,-98,-92,-96,-111,-127,-170,-283,-3740,-3531,-3490,-1733,-838,-449,-298,-266,-302,-1776,-2292,-7897,-11729,-16998,-18575,-20752,-22744,-24662,-25415,-25656,-27417,-27630
0.15833,-282,-229,-237,-144,-103,-98,-100,-114,-129,-170,-283,-3756,-3668,-3714,-1865,-925,-509,-348,-309,-339,-1789,-2298,-6975,-10901,-16390,-18048,-20343,-22443,-24467,-25269,-25535,-27372,-27589
0.16667,-290,-238,-251,-153,-109,-103,-104,-117,-131,-171,-283,-3747,-3790,-3932,-1993,-1010,-568,-398,-351,-375,-1802,-2304,-6098,-10094,-15787,-17525,-19937,-22143,-24273,-25123,-25415,-27327,-27548
0.175,-297,-247,-265,-161,-115,-108,-108,-120,-133,-172,-283,-3715,-3897,-4141,-2118,-1094,-627,-447,-394,-412,-1816,-2310,-5268,-9309,-15190,-17006,-19532,-21844,-24078,-24977,-25294,-27282,-27507
0.18333,-302,-256,-278,-170,-120,-113,-111,-122,-135,-172,-283,-3662,-3989,-4344,-2240,-1177,-685,-496,-436,-449,-1829,-2316,-4489,-8547,-14600,-16490,-19128,-21545,-23884,-24832,-25174,-27237,-27465
0.19167,-307,-263,-291,-178,-126,-118,-115,-125,-137,-173,-283,-3589,-4067,-4540,-2358,-1258,-742,-545,-478,-485,-1842,-2321,-3762,-7810,-14016,-15979,-18727,-21247,-23690,-24686,-25053,-27192,-27424
0.2,-311,-270,-303,-186,-131,-123,-119,-128,-139,-174,-283,-3499,-4132,-4729,-2473,-1337,-798,-593,-520,-522,-1855,-2327,-3092,-7098,-13440,-15471,-18327,-20949,-23496,-24541,-24933,-27147,-27383
0.20833,-314,-277,-315,-194,-136,-128,-123,-131,-141,-175,-283,-3393,-4185,-4911,-2585,-1415,-854,-641,-562,-558,-1868,-2333,-2480,-6412,-12871,-14969,-17929,-20652,-23302,-24395,-24813,-27102,-27342
0.21667,-316,-282,-327,-201,-141,-133,-127,-134,-143,-175,-283,-3272,-4224,-5087,-2694,-1492,-910,-689,-604,-595,-1881,-2339,-1929,-5755,-12310,-14471,-17534,-20356,-23108,-24250,-24693,-27057,-27301
0.225,-317,-288,-339,-209,-146,-137,-130,-136,-145,-176,-283,-3139,-4252,-5256,-2800,-1567,-964,-736,-646,-631,-1894,-2345,-1443,-5127,-11757,-13978,-17140,-20060,-22914,-24105,-24572,-27012,-27259
0.23333,-317,-292,-350,-216,-151,-142,-134,-139,-147,-177,-283,-2995,-4268,-5418,-2903,-1640,-1019,-783,-687,-667,-1907,-2351,-1023,-4529,-11212,-13491,-16749,-19765,-22721,-23960,-24452,-26967,-27218
0.24167,-317,-297,-361,-223,-155,-146,-137,-142,-148,-177,-283,-2842,-4274,-5574,-3002,-1712,-1072,-830,-729,-703,-1920,-2357,-674,-3963,-10676,-13008,-16360,-19471,-22528,-23815,-24332,-26922,-27177
0.25,-316,-300,-372,-230,-160,-151,-141,-144,-150,-178,-282,-2681,-4269,-5723,-3099,-1783,-1125,-877,-770,-739,-1933,-2363,-397,-3430,-10150,-12532,-15974,-19178,-22335,-23670,-24212,-26877,-27136
0.25833,-315,-303,-383,-237,-164,-155,-144,-147,-152,-179,-282,-2515,-4254,-5866,-3192,-1853,-1177,-923,-811,-775,-1946,-2369,-188,-2931,-9632,-12061,-15590,-18886,-22143,-23525,-24092,-26832,-27094
0.26667,-313,-306,-393,-243,-168,-159,-148,-150,-154,-179,-282,-2344,-4230,-6003,-3283,-1921,-1228,-969,-852,-811,-1959,-2375,-40,-2468,-9125,-11596,-15209,-18594,-21950,-23380,-23972,-26787,-27053
0.275,-310,-308,-403,-250,-172,-164,-151,-152,-156,-180,-282,-2172,-4197,-6134,-3370,-1987,-1279,-1014,-892,-847,-1972,-2381,57,-2041,-8627,-11137,-14830,-18303,-21758,-23236,-23852,-26742,-27012
0.28333,-307,-310,-412,-256,-176,-168,-154,-155,-158,-181,-282,-1999,-4155,-6258,-3455,-2052,-1329,-1060,-933,-882,-1985,-2386,115,-1651,-8140,-10684,-14454,-18014,-21566,-23091,-23732,-26697,-26971
0.29167,-304,-312,-422,-262,-180,-172,-157,-157,-160,-182,-282,-1827,-4106,-6377,-3537,-2116,-1379,-1105,-973,-918,-1998,-2392,142,-1301,-7664,-10238,-14081,-17725,-21374,-22947,-23613,-26652,-26930
0.3,-300,-313,-431,-268,-184,-176,-161,-160,-161,-182,-282,-1658,-4049,-6490,-3616,-2179,-1428,-1149,-1013,-953,-2011,-2398,148,-990,-7199,-9799,-13711,-17437,-21183,-22802,-23493,-26607,-26888
0.30833,-296,-313,-440,-274,-188,-180,-164,-162,-163,-183,-282,-1493,-3986,-6597,-3692,-2240,-1476,-1193,-1053,-989,-2024,-2404,140,-722,-6746,-9367,-13344,-17150,-20992,-22658,-23373,-26562,-26847
0.31667,-292,-314,-448,-279,-191,-184,-167,-165,-165,-184,-282,-1335,-3916,-6698,-3765,-2299,-1524,-1237,-1092,-1024,-2037,-2410,123,-495,-6304,-8941,-12980,-16865,-20801,-22514,-23254,-26517,-26806
0.325,-287,-314,-456,-285,-195,-187,-170,-167,-167,-184,-282,-1185,-3840,-6793,-3836,-2358,-1571,-1281,-1132,-1059,-2049,-2416,101,-311,-5874,-8523,-12619,-16580,-20610,-22370,-23134,-26472,-26765
0.33333,-282,-313,-464,-290,-198,-191,-173,-170,-169,-185,-282,-1044,-3759,-6884,-3904,-2415,-1618,-1324,-1171,-1094,-2062,-2422,79,-164,-5457,-8113,-12262,-16296,-20420,-22226,-23015,-26427,-26724
0.34167,-277,-312,-472,-295,-201,-195,-175,-172,-170,-186,-282,-915,-3673,-6968,-3969,-2471,-1664,-1367,-1210,-1129,-2075,-2428,56,-53,-5052,-7711,-11907,-16014,-20230,-22082,-22896,-26382,-26682
0.35,-272,-312,-479,-300,-205,-198,-178,-174,-172,-186,-282,-799,-3583,-7047,-4032,-2525,-1709,-1409,-1249,-1164,-2088,-2433,35,29,-4661,-7316,-11557,-15733,-20041,-21939,-22776,-26337,-26641
0.35833,-267,-310,-487,-305,-208,-202,-181,-177,-174,-187,-282,-698,-3489,-7121,-4092,-2579,-1754,-1451,-1288,-1198,-2100,-2439,17,86,-4282,-6929,-11210,-15453,-19851,-21795,-22657,-26292,-26600
0.36667,-262,-309,-494,-310,-211,-205,-184,-179,-176,-188,-282,-614,-3392,-7190,-4150,-2630,-1798,-1493,-1326,-1233,-2113,-2445,0,121,-3918,-6551,-10866,-15174,-19662,-21652,-22538,-26247,-26559
0.375,-257,-307,-500,-314,-213,-209,-186,-181,-177,-188,-282,-548,-3292,-7253,-4205,-2681,-1841,-1535,-1364,-1267,-2126,-2451,-14,141,-3568,-6181,-10526,-14896,-19473,-21509,-22419,-26202,-26518
0.38333,-252,-305,-507,-319,-216,-212,-189,-184,-179,-189,-282,-502,-3189,-7312,-4257,-2730,-1884,-1576,-1402,-1302,-2138,-2457,-27,148,-3232,-5820,-10190,-14620,-19285,-21366,-22300,-26157,-26476
0.39167,-247,-303,-513,-323,-219,-215,-191,-186,-181,-190,-282,-476,-3085,-7365,-4307,-2779,-1926,-1616,-1440,-1336,-2151,-2463,-37,146,-2911,-5468,-9858,-14345,-19097,-21223,-22181,-26112,-26435
0.4,-243,-301,-519,-327,-221,-218,-194,-188,-182,-190,-282,-468,-2979,-7414,-4355,-2825,-1968,-1657,-1478,-1370,-2163,-2469,-46,137,-2605,-5126,-9530,-14071,-18909,-21080,-22062,-26067,-26394
0.40833,-238,-298,-525,-331,-224,-221,-196,-190,-184,-191,-282,-475,-2873,-7458,-4400,-2871,-2009,-1696,-1515,-1404,-2176,-2474,-53,125,-2314,-4792,-9205,-13799,-18722,-20938,-21944,-26022,-26353
0.41667,-234,-295,-530,-335,-226,-224,-199,-192,-186,-192,-282,-495,-2766,-7497,-4443,-2915,-2049,-1736,-1552,-1437,-2188,-2480,-58,110,-2040,-4468,-8885,-13528,-18535,-20795,-21825,-25977,-26311
0.425,-230,-293,-535,-338,-229,-227,-201,-194,-187,-192,-282,-526,-2660,-7531,-4484,-2959,-2089,-1775,-1589,-1471,-2201,-2486,-62,95,-1781,-4154,-8570,-13258,-18349,-20653,-21707,-25932,-26270
0.43333,-227,-290,-541,-342,-231,-230,-203,-196,-189,-193,-282,-564,-2555,-7561,-4522,-3001,-2129,-1814,-1625,-1505,-2213,-2492,-65,81,-1539,-3849,-8258,-12990,-18162,-20511,-21588,-25887,-26229
0.44167,-224,-287,-545,-345,-233,-233,-205,-198,-191,-194,-282,-608,-2450,-7586,-4558,-3041,-2167,-1852,-1662,-1538,-2226,-2498,-66,67,-1313,-3555,-7951,-12723,-17977,-20369,-21470,-25842,-26188
0.45,-221,-284,-550,-348,-235,-236,-207,-200,-192,-194,-282,-655,-2348,-7608,-4592,-3081,-2205,-1891,-1698,-1571,-2238,-2504,-66,55,-1104,-3271,-7648,-12458,-17791,-20228,-21352,-25797,-26147
0.45833,-219,-281,-554,-352,-237,-239,-210,-202,-194,-195,-282,-704,-2247,-7624,-4623,-3119,-2243,-1928,-1733,-1604,-2250,-2509,-65,44,-913,-2997,-7350,-12194,-17606,-20086,-21234,-25752,-26105
0.46667,-217,-278,-558,-355,-239,-241,-212,-204,-195,-196,-282,-753,-2150,-7637,-4653,-3156,-2280,-1965,-1769,-1637,-2263,-2515,-64,36,-740,-2735,-7057,-11932,-17422,-19945,-21116,-25708,-26064
0.475,-216,-274,-562,-357,-241,-244,-214,-206,-197,-196,-282,-803,-2055,-7645,-4680,-3192,-2316,-2002,-1804,-1670,-2275,-2521,-61,29,-585,-2483,-6768,-11672,-17238,-19803,-20998,-25663,-26023
0.48333,-216,-271,-566,-360,-242,-247,-216,-208,-199,-197,-282,-851,-1965,-7650,-4705,-3227,-2352,-2039,-1839,-1702,-2287,-2527,-58,23,-448,-2242,-6484,-11413,-17054,-19662,-20880,-25618,-25982
0.49167,-216,-268,-569,-363,-244,-249,-217,-209,-200,-198,-282,-898,-1878,-7650,-4729,-3261,-2387,-2075,-1874,-1734,-2299,-2533,-54,18,-329,-2013,-6205,-11155,-16871,-19522,-20762,-25573,-25941
0.5,-216,-265,-573,-365,-245,-251,-219,-211,-202,-198,-282,-944,-1797,-7647,-4750,-3294,-2422,-2110,-1908,-1767,-2312,-2538,-49,13,-228,-1795,-5931,-10900,-16688,-19381,-20645,-25528,-25899
0.50833,-217,-262,-576,-368,-247,-254,-221,-213,-203,-199,-282,-987,-1721,-7639,-4769,-3325,-2456,-2146,-1943,-1799,-2324,-2544,-44,9,-143,-1589,-5662,-10646,-16505,-19241,-20527,-25483,-25858
0.51667,-218,-259,-579,-370,-248,-256,-223,-214,-205,-200,-281,-1029,-1650,-7628,-4786,-3356,-2490,-2181,-1977,-1831,-2336,-2550,-39,4,-73,-1394,-5399,-10394,-16324,-19100,-20410,-25438,-25817
0.525,-219,-256,-581,-372,-250,-258,-224,-216,-206,-200,-281,-1069,-1586,-7614,-4801,-3385,-2523,-2215,-2010,-1862,-2348,-2556,-34,-3,-17,-1212,-5140,-10143,-16142,-18960,-20293,-25393,-25776
0.53333,-221,-253,-584,-374,-251,-261,-226,-218,-208,-201,-281,-1107,-1529,-7596,-4815,-3413,-2555,-2249,-2043,-1894,-2360,-2562,-28,-11,27,-1042,-4887,-9895,-15961,-18820,-20175,-25348,-25735
0.54167,-222,-251,-586,-376,-252,-263,-228,-219,-209,-201,-281,-1142,-1479,-7574,-4826,-3440,-2587,-2283,-2077,-1925,-2372,-2567,-23,-22,60,-885,-4639,-9648,-15781,-18681,-20058,-25303,-25693
0.55,-223,-248,-588,-378,-253,-265,-229,-221,-210,-202,-281,-1177,-1437,-7549,-4836,-3466,-2618,-2316,-2109,-1956,-2384,-2573,-18,-36,84,-740,-4397,-9403,-15601,-18541,-19941,-25258,-25652
0.55833,-225,-246,-590,-379,-254,-267,-231,-222,-212,-203,-281,-1209,-1403,-7521,-4844,-3491,-2649,-2349,-2142,-1987,-2395,-2579,-13,-54,100,-609,-4161,-9160,-15421,-18402,-19825,-25213,-25611
0.56667,-226,-244,-592,-381,-255,-269,-232,-224,-213,-203,-281,-1240,-1378,-7490,-4850,-3515,-2679,-2381,-2174,-2018,-2407,-2585,-8,-75,110,-490,-3930,-8919,-15242,-18263,-19708,-25168,-25570
0.575,-227,-242,-593,-382,-256,-271,-234,-225,-215,-204,-281,-1270,-1362,-7455,-4855,-3538,-2709,-2413,-2206,-2049,-2419,-2590,-4,-102,114,-383,-3704,-8679,-15064,-18125,-19592,-25124,-25529
0.58333,-229,-240,-595,-384,-257,-273,-235,-227,-216,-205,-281,-1300,-1354,-7417,-4858,-3559,-2738,-2444,-2237,-2079,-2431,-2596,0,-132,114,-289,-3485,-8442,-14886,-17986,-19475,-25079,-25487
0.59167,-230,-238,-596,-385,-258,-274,-237,-228,-217,-205,-281,-1330,-1353,-7377,-4859,-3580,-2767,-2475,-2268,-2109,-2442,-2602,3,-167,110,-207,-3272,-8207,-14708,-17848,-19359,-25034,-25446
0.6,-231,-237,-597,-386,-259,-276,-238,-230,-219,-206,-281,-1361,-1359,-7333,-4859,-3600,-2795,-2506,-2299,-2140,-2454,-2608,5,-205,104,-135,-3064,-7973,-14531,-17710,-19243,-24989,-25405
0.60833,-232,-236,-598,-387,-259,-278,-239,-231,-220,-206,-281,-1395,-1371,-7287,-4857,-3619,-2822,-2536,-2330,-2169,-2466,-2613,7,-247,97,-74,-2863,-7742,-14355,-17572,-19127,-24944,-25364
0.61667,-233,-235,-598,-388,-260,-280,-240,-232,-221,-207,-281,-1434,-1388,-7238,-4853,-3636,-2849,-2566,-2360,-2199,-2477,-2619,8,-292,88,-22,-2668,-7513,-14179,-17434,-19011,-24899,-25322
0.625,-234,-235,-599,-389,-261,-281,-242,-234,-223,-208,-281,-1479,-1409,-7187,-4848,-3653,-2876,-2595,-2390,-2228,-2489,-2625,8,-340,79,21,-2479,-7286,-14004,-17297,-18895,-24854,-25281
0.63333,-234,-235,-599,-390,-261,-283,-243,-235,-224,-208,-281,-1531,-1434,-7133,-4841,-3669,-2902,-2624,-2420,-2258,-2500,-2631,7,-390,69,57,-2297,-7061,-13829,-17160,-18780,-24809,-25240
0.64167,-235,-235,-599,-390,-262,-284,-244,-236,-225,-209,-281,-1593,-1463,-7076,-4833,-3684,-2927,-2652,-2449,-2287,-2511,-2636,5,-442,60,85,-2121,-6838,-13655,-17023,-18664,-24764,-25199
0.65,-236,-235,-599,-391,-262,-286,-245,-237,-227,-209,-281,-1665,-1496,-7017,-4824,-3697,-2952,-2680,-2478,-2316,-2523,-2642,0,-496,51,107,-1952,-6617,-13482,-16886,-18549,-24719,-25158
0.65833,-236,-235,-599,-391,-263,-287,-246,-239,-228,-210,-281,-1749,-1532,-6956,-4813,-3710,-2976,-2707,-2507,-2344,-2534,-2648,-8,-552,42,124,-1789,-6399,-13309,-16750,-18434,-24675,-25116
0.66667,-236,-235,-599,-392,-263,-289,-247,-240,-229,-210,-281,-1842,-1573,-6893,-4801,-3722,-3000,-2734,-2535,-2372,-2545,-2654,-19,-609,34,136,-1633,-6183,-13137,-16614,-18319,-24630,-25075
0.675,-237,-236,-598,-392,-263,-290,-248,-241,-231,-211,-281,-1945,-1618,-6827,-4788,-3733,-3023,-2761,-2563,-2401,-2557,-2659,-34,-666,27,143,-1484,-5969,-12965,-16478,-18204,-24585,-25034
0.68333,-237,-236,-597,-392,-264,-291,-249,-242,-232,-212,-281,-2057,-1668,-6760,-4773,-3743,-3046,-2787,-2590,-2429,-2568,-2665,-54,-725,20,147,-1341,-5757,-12794,-16343,-18089,-24540,-24993
0.69167,-237,-237,-597,-392,-264,-293,-250,-243,-233,-212,-281,-2175,-1724,-6690,-4757,-3752,-3068,-2813,-2618,-2456,-2579,-2671,-78,-783,14,149,-1206,-5548,-12623,-16207,-17975,-24495,-24952
0.7,-237,-237,-596,-392,-264,-294,-251,-244,-234,-213,-281,-2301,-1784,-6619,-4740,-3760,-3090,-2838,-2644,-2484,-2590,-2676,-105,-841,9,148,-1077,-5341,-12454,-16072,-17860,-24450,-24910
0.70833,-237,-238,-595,-392,-264,-295,-252,-245,-236,-213,-281,-2432,-1851,-6546,-4722,-3768,-3111,-2862,-2671,-2511,-2601,-2682,-136,-899,5,145,-956,-5137,-12284,-15937,-17746,-24405,-24869
0.71667,-237,-239,-593,-392,-264,-296,-253,-246,-237,-214,-281,-2568,-1921,-6471,-4702,-3774,-3132,-2887,-2697,-2538,-2612,-2688,-171,-956,1,140,-842,-4935,-12116,-15803,-17632,-24361,-24828
0.725,-237,-240,-592,-392,-264,-297,-254,-247,-238,-214,-280,-2708,-1997,-6395,-4682,-3780,-3152,-2910,-2723,-2565,-2623,-2693,-208,-1012,-3,134,-736,-4735,-11948,-15669,-17518,-24316,-24787
0.73333,-237,-240,-591,-391,-264,-298,-255,-248,-239,-215,-280,-2851,-2075,-6317,-4660,-3784,-3172,-2933,-2748,-2591,-2633,-2699,-247,-1067,-6,128,-636,-4538,-11781,-15535,-17404,-24271,-24746
0.74167,-238,-241,-589,-391,-264,-299,-255,-249,-240,-215,-280,-2996,-2158,-6238,-4638,-3788,-3191,-2956,-2773,-2618,-2644,-2705,-288,-1120,-8,121,-544,-4343,-11614,-15401,-17291,-24226,-24704
0.75,-238,-242,-587,-390,-264,-300,-256,-250,-242,-216,-280,-3142,-2242,-6157,-4614,-3791,-3210,-2978,-2798,-2644,-2655,-2710,-330,-1170,-11,113,-459,-4151,-11448,-15268,-17177,-24181,-24663
0.75833,-238,-243,-586,-390,-264,-301,-257,-251,-243,-216,-280,-3289,-2329,-6075,-4589,-3793,-3228,-3000,-2822,-2670,-2666,-2716,-373,-1219,-13,105,-381,-3961,-11283,-15135,-17064,-24136,-24622
0.76667,-239,-244,-584,-389,-264,-302,-257,-252,-244,-217,-280,-3435,-2418,-5992,-4564,-3794,-3246,-3021,-2846,-2695,-2676,-2722,-416,-1265,-14,98,-310,-3774,-11118,-15002,-16951,-24092,-24581
0.775,-239,-245,-581,-389,-264,-303,-258,-253,-245,-217,-280,-3580,-2507,-5908,-4537,-3795,-3263,-3042,-2869,-2720,-2687,-2727,-460,-1307,-16,90,-244,-3590,-10955,-14870,-16838,-24047,-24540
0.78333,-240,-246,-579,-388,-264,-303,-259,-253,-246,-218,-280,-3723,-2598,-5822,-4510,-3794,-3280,-3062,-2893,-2746,-2697,-2733,-503,-1347,-18,83,-185,-3408,-10792,-14737,-16725,-24002,-24498
0.79167,-241,-247,-577,-387,-264,-304,-259,-254,-247,-219,-280,-3862,-2688,-5736,-4482,-3793,-3296,-3082,-2915,-2770,-2707,-2738,-545,-1383,-19,75,-132,-3229,-10629,-14606,-16612,-23957,-24457
0.8,-241,-248,-575,-386,-264,-305,-260,-255,-249,-219,-280,-3998,-2777,-5649,-4453,-3791,-3312,-3101,-2938,-2795,-2718,-2744,-586,-1414,-20,68,-84,-3053,-10467,-14474,-16500,-23912,-24416
0.80833,-242,-248,-572,-385,-263,-305,-261,-256,-250,-220,-280,-4129,-2863,-5561,-4423,-3789,-3327,-3120,-2959,-2819,-2728,-2750,-625,-1442,-22,62,-41,-2879,-10306,-14343,-16388,-23867,-24375
0.81667,-243,-249,-569,-384,-263,-306,-261,-256,-251,-220,-280,-4254,-2944,-5473,-4393,-3785,-3342,-3138,-2981,-2843,-2738,-2755,-661,-1465,-23,56,-3,-2708,-10146,-14212,-16276,-23823,-24333
0.825,-244,-250,-567,-383,-263,-307,-262,-257,-252,-221,-280,-4372,-3018,-5384,-4362,-3781,-3356,-3156,-3002,-2867,-2748,-2761,-696,-1483,-23,50,31,-2540,-9987,-14081,-16164,-23778,-24292
0.83333,-245,-251,-564,-382,-263,-307,-262,-258,-253,-221,-280,-4482,-3085,-5294,-4330,-3776,-3370,-3173,-3023,-2890,-2759,-2766,-727,-1495,-24,45,61,-2375,-9828,-13951,-16052,-23733,-24251
0.84167,-246,-252,-561,-381,-262,-308,-263,-258,-254,-222,-280,-4584,-3143,-5204,-4298,-3770,-3383,-3190,-3043,-2914,-2769,-2772,-755,-1503,-24,41,88,-2213,-9670,-13821,-15941,-23688,-24210
0.85,-247,-252,-558,-380,-262,-308,-263,-259,-255,-222,-280,-4677,-3194,-5114,-4265,-3763,-3396,-3206,-3063,-2937,-2779,-2777,-778,-1504,-24,37,112,-2053,-9513,-13692,-15829,-23643,-24169
0.85833,-248,-253,-555,-378,-262,-309,-264,-260,-256,-222,-280,-4760,-3239,-5023,-4231,-3756,-3409,-3221,-3082,-2959,-2788,-2783,-798,-1499,-22,35,133,-1897,-9356,-13562,-15718,-23599,-24127
0.86667,-249,-254,-552,-377,-261,-309,-264,-260,-258,-223,-280,-4831,-3279,-4932,-4197,-3748,-3421,-3237,-3101,-2982,-2798,-2789,-812,-1487,-21,33,152,-1743,-9201,-13433,-15607,-23554,-24086
0.875,-250,-254,-548,-376,-261,-309,-265,-261,-259,-223,-280,-4891,-3314,-4841,-4163,-3739,-3432,-3251,-3120,-3004,-2808,-2794,-821,-1469,-18,32,168,-1592,-9046,-13305,-15497,-23509,-24045
0.88333,-251,-255,-545,-374,-261,-310,-265,-261,-260,-224,-280,-4937,-3347,-4750,-4128,-3730,-3443,-3265,-3138,-3026,-2818,-2800,-825,-1443,-13,32,183,-1445,-8892,-13177,-15386,-23464,-24004
0.89167,-252,-255,-541,-373,-260,-310,-266,-262,-261,-224,-280,-4970,-3377,-4659,-4092,-3720,-3454,-3279,-3156,-3047,-2827,-2805,-822,-1410,-8,34,197,-1300,-8739,-13049,-15276,-23420,-23963
0.9,-253,-255,-538,-371,-260,-310,-266,-263,-262,-225,-279,-4988,-3404,-4568,-4056,-3709,-3464,-3292,-3173,-3069,-2837,-2811,-813,-1369,0,36,209,-1158,-8586,-12921,-15166,-23375,-23921
0.90833,-254,-255,-534,-370,-260,-311,-266,-263,-263,-225,-279,-4991,-3429,-4478,-4020,-3698,-3474,-3304,-3190,-3090,-2846,-2816,-797,-1320,9,40,221,-1020,-8435,-12794,-15056,-23330,-23880
0.91667,-255,-256,-531,-368,-259,-311,-267,-264,-264,-226,-279,-4977,-3450,-4388,-3983,-3686,-3483,-3316,-3206,-3110,-2856,-2822,-774,-1262,21,45,232,-884,-8284,-12667,-14946,-23285,-23839
0.925,-255,-256,-527,-366,-259,-311,-267,-264,-265,-226,-279,-4946,-3469,-4298,-3947,-3673,-3492,-3328,-3222,-3131,-2865,-2827,-742,-1195,35,52,243,-752,-8134,-12541,-14836,-23241,-23798
0.93333,-255,-255,-523,-365,-259,-311,-267,-264,-266,-227,-279,-4897,-3485,-4209,-3910,-3660,-3500,-3339,-3238,-3151,-2874,-2833,-702,-1120,51,60,253,-623,-7985,-12415,-14727,-23196,-23757
0.94167,-255,-255,-519,-363,-258,-311,-268,-265,-267,-227,-279,-4828,-3499,-4120,-3872,-3646,-3508,-3349,-3253,-3171,-2884,-2838,-654,-1035,71,69,264,-497,-7836,-12289,-14618,-23151,-23715
0.95,-255,-255,-515,-361,-258,-311,-268,-265,-269,-228,-279,-4740,-3510,-4032,-3835,-3631,-3516,-3359,-3268,-3191,-2893,-2844,-596,-940,93,80,275,-374,-7689,-12163,-14509,-23106,-23674
0.95833,-255,-254,-511,-359,-258,-311,-268,-266,-270,-228,-279,-4631,-3518,-3945,-3797,-3616,-3523,-3368,-3283,-3210,-2902,-2849,-529,-835,118,92,285,-254,-7542,-12038,-14400,-23062,-23633
0.96667,-254,-254,-507,-357,-257,-312,-269,-266,-271,-228,-279,-4500,-3524,-3858,-3759,-3600,-3529,-3377,-3297,-3229,-2911,-2855,-451,-720,147,105,297,-138,-7397,-11914,-14292,-23017,-23592
0.975,-254,-253,-503,-356,-257,-312,-269,-266,-272,-229,-279,-4346,-3528,-3772,-3722,-3583,-3535,-3386,-3310,-3248,-2920,-2860,-363,-594,178,119,308,-24,-7252,-11790,-14184,-22972,-23551
0.98333,-253,-253,-499,-354,-257,-312,-269,-267,-273,-229,-279,-4169,-3528,-3688,-3684,-3566,-3541,-3393,-3324,-3267,-2929,-2865,-265,-457,212,135,321,86,-7108,-11666,-14076,-22927,-23509
0.99167,-252,-252,-495,-352,-257,-312,-270,-267,-274,-230,-279,-3968,-3526,-3604,-3646,-3549,-3546,-3401,-3336,-3285,-2938,-2871,-154,-308,248,151,333,193,-6965,-11542,-13968,-22883,-23468
1,-251,-251,-491,-350,-256,-311,-270,-267,-275,-230,-279,-3741,-3519,-3522,-3608,-3530,-3551,-3408,-3349,-3303,-2946,-2876,-32,-148,286,169,346,297,-6823,-11419,-13860,-22838,-23427
1.00833,-250,-250,-487,-348,-256,-311,-270,-268,-276,-231,-279,-3488,-3510,-3441,-3570,-3512,-3556,-3414,-3361,-3321,-2955,-2882,102,24,327,187,360,398,-6682,-11296,-13753,-22793,-23386
1.01667,-249,-249,-482,-346,-256,-311,-270,-268,-277,-231,-279,-3208,-3498,-3360,-3532,-3492,-3560,-3420,-3372,-3338,-2964,-2887,249,209,368,206,373,497,-6542,-11174,-13646,-22749,-23345
1.025,-248,-248,-478,-344,-255,-311,-271,-268,-278,-231,-279,-2900,-3483,-3282,-3495,-3472,-3563,-3425,-3384,-3355,-2972,-2893,410,406,411,226,388,592,-6402,-11052,-13539,-22704,-23303
1.03333,-247,-247,-474,-342,-255,-311,-271,-269,-279,-232,-279,-2566,-3466,-3204,-3457,-3452,-3567,-3430,-3394,-3372,-2981,-2898,583,616,454,247,402,685,-6264,-10931,-13432,-22659,-23262
1.04167,-245,-246,-469,-340,-255,-311,-271,-269,-280,-232,-278,-2209,-3447,-3129,-3420,-3431,-3569,-3434,-3405,-3389,-2989,-2903,772,839,498,268,417,775,-6126,-10810,-13326,-22615,-23221
1.05,-244,-245,-465,-338,-255,-311,-271,-269,-281,-233,-278,-1833,-3426,-3054,-3382,-3410,-3572,-3438,-3415,-3405,-2997,-2909,975,1076,542,290,433,863,-5990,-10689,-13219,-22570,-23180
1.05833,-243,-244,-460,-336,-254,-310,-272,-269,-282,-233,-278,-1445,-3403,-2982,-3345,-3388,-3574,-3442,-3425,-3421,-3006,-2914,1192,1326,586,313,449,947,-5854,-10569,-13113,-22525,-23139
1.06667,-242,-243,-456,-334,-254,-310,-272,-269,-283,-233,-278,-1044,-3379,-2911,-3308,-3366,-3576,-3445,-3434,-3437,-3014,-2920,1422,1587,630,336,465,1029,-5720,-10449,-13008,-22481,-23097
1.075,-241,-242,-451,-331,-254,-310,-272,-270,-284,-234,-278,-634,-3352,-2841,-3271,-3344,-3577,-3448,-3443,-3453,-3022,-2925,1664,1859,675,361,481,1109,-5586,-10329,-12902,-22436,-23056
1.08333,-240,-241,-447,-329,-254,-310,-272,-270,-285,-234,-278,-215,-3324,-2773,-3235,-3321,-3578,-3450,-3452,-3468,-3030,-2930,1918,2140,719,385,498,1185,-5453,-10210,-12797,-22391,-23015
1.09167,-239,-240,-442,-327,-254,-309,-273,-270,-287,-234,-278,212,-3294,-2707,-3198,-3297,-3579,-3452,-3460,-3484,-3038,-2936,2182,2430,764,411,515,1260,-5322,-10092,-12692,-22347,-22974
1.1,-237,-240,-438,-325,-253,-309,-273,-270,-288,-235,-278,645,-3263,-2642,-3162,-3274,-3579,-3453,-3468,-3498,-3046,-2941,2456,2728,809,437,532,1331,-5191,-9974,-12587,-22302,-22933
1.10833,-236,-239,-433,-323,-253,-309,-273,-270,-289,-235,-278,1082,-3230,-2579,-3126,-3250,-3579,-3454,-3475,-3513,-3054,-2946,2739,3032,854,463,550,1401,-5061,-9856,-12482,-22257,-22891
1.11667,-235,-238,-429,-321,-253,-308,-273,-270,-290,-236,-278,1523,-3195,-2517,-3091,-3226,-3579,-3455,-3482,-3527,-3062,-2952,3030,3342,899,490,568,1467,-4933,-9739,-12378,-22213,-22850
1.125,-234,-237,-424,-319,-253,-308,-273,-271,-291,-236,-278,1965,-3160,-2457,-3055,-3202,-3578,-3455,-3489,-3542,-3070,-2957,3328,3656,944,517,586,1532,-4805,-9622,-12274,-22168,-22809
1.13333,-233,-236,-420,-317,-253,-308,-273,-271,-292,-236,-278,2407,-3123,-2398,-3020,-3177,-3577,-3455,-3496,-3555,-3077,-2962,3632,3974,989,545,604,1594,-4679,-9505,-12170,-22124,-22768
1.14167,-232,-235,-415,-314,-252,-307,-274,-271,-293,-237,-278,2849,-3085,-2341,-2985,-3152,-3575,-3454,-3502,-3569,-3085,-2968,3942,4294,1033,573,623,1653,-4553,-9389,-12067,-22079,-22726
1.15,-231,-235,-411,-312,-252,-307,-274,-271,-294,-237,-278,3288,-3046,-2286,-2951,-3127,-3574,-3453,-3508,-3582,-3093,-2973,4256,4616,1078,602,642,1711,-4429,-9274,-11963,-22034,-22685
1.15833,-231,-234,-406,-310,-252,-306,-274,-271,-295,-237,-278,3723,-3006,-2231,-2916,-3102,-3572,-3452,-3514,-3596,-3100,-2978,4574,4938,1123,631,661,1766,-4305,-9159,-11860,-21990,-22644
1.16667,-230,-233,-402,-308,-252,-306,-274,-271,-296,-238,-277,4153,-2965,-2179,-2883,-3077,-3570,-3451,-3519,-3609,-3108,-2983,4894,5260,1167,660,680,1819,-4183,-9044,-11758,-21945,-22603
1.175,-229,-232,-397,-306,-252,-305,-274,-271,-297,-238,-277,4576,-2923,-2128,-2849,-3051,-3567,-3449,-3524,-3621,-3115,-2989,5217,5580,1211,689,699,1869,-4061,-8930,-11655,-21901,-22562
1.18333,-228,-232,-393,-304,-252,-305,-274,-271,-298,-238,-277,4991,-2880,-2079,-2816,-3026,-3565,-3447,-3529,-3634,-3122,-2994,5541,5898,1255,719,719,1918,-3941,-8816,-11553,-21856,-22520
1.19167,-227,-231,-388,-302,-252,-304,-274,-271,-299,-239,-277,5396,-2837,-2031,-2783,-3000,-3562,-3444,-3533,-3646,-3130,-2999,5865,6212,1298,749,738,1964,-3822,-8703,-11451,-21811,-22479
1.2,-226,-231,-384,-300,-252,-304,-275,-271,-300,-239,-277,5791,-2793,-1985,-2751,-2975,-3558,-3441,-3537,-3658,-3137,-3004,6189,6522,1341,779,758,2008,-3704,-8590,-11349,-21767,-22438
1.20833,-226,-230,-379,-298,-252,-303,-275,-271,-301,-239,-277,6173,-2749,-1940,-2719,-2949,-3555,-3438,-3541,-3670,-3144,-3010,6511,6826,1384,810,778,2050,-3587,-8478,-11248,-21722,-22397
1.21667,-225,-229,-375,-296,-251,-303,-275,-271,-302,-240,-277,6542,-2704,-1897,-2688,-2923,-3551,-3435,-3545,-3681,-3151,-3015,6831,7123,1427,840,798,2090,-3471,-8366,-11146,-21678,-22356
1.225,-224,-229,-371,-294,-251,-302,-275,-271,-303,-240,-277,6895,-2658,-1855,-2657,-2898,-3547,-3431,-3548,-3693,-3158,-3020,7148,7412,1469,871,818,2128,-3356,-8255,-11046,-21633,-22314
1.23333,-224,-228,-366,-292,-251,-302,-275,-271,-304,-240,-277,7232,-2613,-1815,-2626,-2872,-3543,-3427,-3551,-3704,-3165,-3025,7461,7693,1510,902,838,2164,-3242,-8144,-10945,-21589,-22273
1.24167,-223,-228,-362,-290,-251,-301,-275,-271,-305,-241,-277,7551,-2567,-1776,-2596,-2847,-3538,-3423,-3554,-3715,-3172,-3031,7769,7965,1551,933,858,2198,-3130,-8034,-10845,-21544,-22232
1.25,-222,-227,-358,-288,-251,-301,-275,-271,-306,-241,-277,7850,-2521,-1739,-2566,-2821,-3534,-3419,-3556,-3725,-3179,-3036,8072,8225,1592,964,879,2230,-3018,-7924,-10744,-21500,-22191
1.25833,-222,-227,-354,-286,-251,-300,-275,-271,-307,-241,-277,8129,-2476,-1704,-2537,-2796,-3529,-3414,-3559,-3736,-3186,-3041,8368,8474,1632,995,899,2260,-2908,-7814,-10645,-21455,-22150
1.26667,-221,-227,-349,-284,-251,-300,-275,-271,-308,-242,-277,8385,-2430,-1670,-2509,-2771,-3524,-3409,-3561,-3746,-3192,-3046,8656,8710,1671,1026,919,2288,-2799,-7705,-10545,-21411,-22108
1.275,-221,-226,-345,-282,-251,-299,-275,-271,-309,-242,-276,8618,-2384,-1637,-2481,-2746,-3519,-3404,-3563,-3756,-3199,-3052,8937,8933,1710,1057,939,2315,-2691,-7597,-10446,-21366,-22067
1.28333,-221,-226,-341,-280,-251,-298,-275,-271,-310,-242,-276,8826,-2338,-1607,-2454,-2721,-3513,-3399,-3564,-3766,-3206,-3057,9208,9140,1748,1087,960,2340,-2584,-7489,-10347,-21321,-22026
1.29167,-220,-226,-337,-279,-251,-298,-276,-271,-311,-243,-276,9008,-2293,-1577,-2427,-2696,-3508,-3393,-3565,-3775,-3212,-3062,9470,9332,1786,1118,980,2363,-2479,-7382,-10248,-21277,-21985
1.3,-220,-225,-333,-277,-251,-297,-276,-271,-312,-243,-276,9161,-2248,-1549,-2400,-2672,-3502,-3388,-3566,-3785,-3219,-3067,9720,9507,1823,1149,1000,2384,-2374,-7275,-10150,-21233,-21944
1.30833,-220,-225,-329,-275,-251,-297,-276,-271,-312,-243,-276,9286,-2204,-1523,-2375,-2648,-3496,-3382,-3567,-3794,-3225,-3072,9959,9664,1859,1179,1020,2403,-2271,-7168,-10052,-21188,-21902
1.31667,-219,-225,-326,-273,-251,-296,-276,-271,-313,-243,-276,9379,-2160,-1498,-2350,-2624,-3490,-3376,-3568,-3803,-3232,-3077,10186,9803,1894,1209,1040,2421,-2169,-7063,-9954,-21144,-21861
1.325,-219,-225,-322,-272,-251,-295,-276,-271,-314,-244,-276,9441,-2116,-1475,-2325,-2600,-3484,-3369,-3568,-3812,-3238,-3083,10399,9921,1929,1239,1060,2438,-2068,-6957,-9856,-21099,-21820
1.33333,-219,-225,-318,-270,-251,-295,-276,-271,-315,-244,-276,9469,-2074,-1453,-2302,-2577,-3477,-3363,-3569,-3820,-3244,-3088,10598,10019,1962,1269,1080,2452,-1968,-6852,-9759,-21055,-21779
1.34167,-219,-225,-315,-268,-251,-294,-276,-271,-316,-244,-276,9462,-2032,-1433,-2278,-2554,-3471,-3356,-3569,-3829,-3251,-3093,10782,10095,1995,1299,1100,2465,-1870,-6748,-9662,-21010,-21738
1.35,-219,-225,-311,-267,-251,-294,-276,-270,-317,-245,-276,9419,-1990,-1415,-2256,-2532,-3464,-3350,-3569,-3837,-3257,-3098,10950,10148,2027,1328,1119,2477,-1773,-6644,-9566,-20966,-21696
1.35833,-219,-225,-308,-265,-252,-293,-276,-270,-318,-245,-276,9339,-1950,-1398,-2234,-2510,-3457,-3343,-3568,-3845,-3263,-3103,11101,10177,2058,1357,1139,2487,-1677,-6541,-9469,-20921,-21655
1.36667,-219,-225,-304,-264,-252,-292,-276,-270,-319,-245,-276,9219,-1911,-1382,-2213,-2488,-3451,-3336,-3568,-3853,-3269,-3108,11232,10183,2088,1385,1158,2496,-1582,-6438,-9373,-20877,-21614
1.375,-219,-225,-301,-263,-252,-292,-276,-270,-320,-245,-275,9058,-1873,-1368,-2193,-2466,-3444,-3329,-3567,-3860,-3275,-3113,11338,10166,2117,1413,1177,2503,-1489,-6336,-9278,-20832,-21573
1.38333,-220,-225,-298,-261,-252,-291,-276,-270,-321,-246,-275,8864,-1836,-1356,-2173,-2446,-3436,-3322,-3566,-3868,-3281,-3119,11414,10129,2145,1441,1196,2509,-1396,-6234,-9182,-20788,-21532
1.39167,-220,-225,-294,-260,-252,-290,-276,-270,-322,-246,-275,8644,-1800,-1345,-2155,-2425,-3429,-3314,-3565,-3875,-3287,-3124,11460,10072,2172,1469,1215,2513,-1305,-6133,-9087,-20744,-21490
1.4,-220,-225,-291,-259,-252,-290,-276,-270,-323,-246,-275,8404,-1765,-1335,-2136,-2405,-3422,-3307,-3564,-3882,-3293,-3129,11478,9995,2197,1495,1234,2516,-1216,-6033,-8993,-20699,-21449
1.40833,-220,-226,-288,-258,-252,-289,-276,-270,-324,-246,-275,8149,-1732,-1327,-2119,-2386,-3415,-3299,-3562,-3889,-3299,-3134,11469,9899,2222,1522,1252,2518,-1127,-5933,-8898,-20655,-21408
1.41667,-221,-226,-286,-256,-252,-289,-276,-270,-325,-247,-275,7880,-1700,-1321,-2103,-2367,-3407,-3292,-3561,-3896,-3305,-3139,11434,9786,2245,1548,1270,2518,-1040,-5833,-8804,-20610,-21367
1.425,-221,-226,-283,-255,-252,-288,-276,-270,-326,-247,-275,7597,-1670,-1316,-2087,-2349,-3400,-3284,-3559,-3902,-3311,-3144,11373,9657,2268,1573,1288,2518,-954,-5735,-8710,-20566,-21326
1.43333,-222,-227,-280,-254,-253,-287,-276,-269,-326,-247,-275,7302,-1642,-1313,-2072,-2331,-3392,-3276,-3557,-3909,-3316,-3149,11287,9512,2289,1598,1306,2516,-870,-5636,-8617,-20522,-21284
1.44167,-223,-227,-278,-253,-253,-287,-276,-269,-327,-247,-275,6995,-1615,-1311,-2058,-2314,-3385,-3269,-3555,-3915,-3322,-3154,11178,9352,2308,1622,1323,2513,-787,-5538,-8523,-20477,-21243
1.45,-223,-228,-275,-253,-253,-286,-276,-269,-328,-248,-275,6678,-1590,-1311,-2045,-2298,-3377,-3261,-3553,-3921,-3328,-3159,11046,9178,2327,1645,1341,2509,-705,-5441,-8431,-20433,-21202
1.45833,-224,-228,-273,-252,-253,-286,-276,-269,-329,-248,-274,6352,-1566,-1312,-2033,-2282,-3370,-3253,-3551,-3927,-3333,-3164,10891,8991,2344,1668,1357,2503,-624,-5345,-8338,-20388,-21161
1.46667,-225,-229,-271,-251,-253,-285,-276,-269,-330,-248,-274,6017,-1545,-1315,-2022,-2267,-3362,-3245,-3548,-3932,-3339,-3170,10716,8791,2360,1690,1374,2497,-545,-5249,-8246,-20344,-21120
1.475,-226,-229,-269,-250,-254,-284,-276,-269,-331,-248,-274,5675,-1526,-1319,-2011,-2253,-3354,-3238,-3546,-3938,-3344,-3175,10521,8581,2374,1711,1390,2490,-467,-5153,-8154,-20300,-21078
1.48333,-227,-230,-267,-250,-254,-284,-276,-269,-332,-248,-274,5328,-1509,-1325,-2002,-2239,-3346,-3230,-3543,-3943,-3350,-3180,10306,8361,2387,1732,1406,2481,-390,-5058,-8062,-20255,-21037
1.49167,-228,-231,-265,-249,-254,-283,-276,-269,-333,-249,-274,4975,-1494,-1332,-1993,-2226,-3339,-3222,-3541,-3948,-3355,-3185,10073,8131,2399,1752,1421,2472,-315,-4964,-7971,-20211,-20996
1.5,-229,-232,-263,-249,-254,-283,-276,-269,-333,-249,-274,4617,-1481,-1341,-1985,-2214,-3331,-3214,-3538,-3953,-3360,-3190,9823,7892,2409,1771,1436,2462,-241,-4870,-7880,-20167,-20955
1.50833,-230,-232,-261,-248,-254,-282,-276,-269,-334,-249,-274,4257,-1470,-1351,-1979,-2203,-3323,-3206,-3535,-3958,-3366,-3195,9556,7647,2417,1789,1451,2450,-169,-4777,-7790,-20123,-20914
1.51667,-231,-233,-260,-248,-255,-282,-276,-268,-335,-249,-274,3895,-1462,-1363,-1973,-2192,-3316,-3198,-3532,-3963,-3371,-3200,9274,7394,2424,1807,1465,2438,-98,-4684,-7700,-20078,-20872
1.525,-232,-234,-258,-248,-255,-281,-276,-268,-336,-249,-274,3532,-1457,-1376,-1968,-2183,-3308,-3191,-3529,-3967,-3376,-3205,8977,7136,2430,1823,1479,2425,-28,-4593,-7610,-20034,-20831
1.53333,-234,-235,-257,-248,-255,-281,-276,-268,-337,-250,-274,3169,-1454,-1391,-1965,-2174,-3300,-3183,-3525,-3972,-3381,-3210,8666,6873,2433,1839,1493,2412,40,-4501,-7520,-19990,-20790
1.54167,-235,-236,-256,-248,-256,-280,-276,-268,-338,-250,-273,2807,-1454,-1408,-1962,-2166,-3293,-3175,-3522,-3976,-3386,-3215,8342,6606,2435,1853,1506,2397,107,-4410,-7431,-19945,-20749
1.55,-237,-238,-255,-248,-256,-279,-276,-268,-339,-250,-273,2448,-1456,-1426,-1960,-2159,-3285,-3168,-3519,-3980,-3392,-3220,8006,6336,2436,1867,1519,2382,173,-4320,-7342,-19901,-20708
1.55833,-238,-239,-254,-248,-256,-279,-276,-268,-339,-250,-273,2091,-1461,-1445,-1960,-2153,-3278,-3160,-3515,-3984,-3397,-3225,7659,6064,2434,1879,1531,2366,237,-4231,-7254,-19857,-20667
1.56667,-240,-240,-254,-248,-257,-279,-276,-268,-340,-250,-273,1739,-1469,-1466,-1960,-2148,-3270,-3153,-3512,-3988,-3402,-3230,7302,5791,2431,1891,1542,2350,300,-4142,-7166,-19813,-20625
1.575,-242,-241,-253,-248,-257,-278,-276,-268,-341,-251,-273,1392,-1480,-1489,-1962,-2144,-3263,-3146,-3508,-3991,-3407,-3235,6935,5517,2427,1902,1554,2332,361,-4054,-7078,-19768,-20584
1.58333,-243,-242,-253,-248,-257,-278,-276,-268,-342,-251,-273,1051,-1495,-1513,-1964,-2141,-3256,-3138,-3505,-3995,-3411,-3240,6560,5244,2420,1911,1564,2314,421,-3966,-6990,-19724,-20543
1.59167,-245,-244,-252,-249,-258,-277,-276,-268,-343,-251,-273,718,-1512,-1538,-1968,-2138,-3249,-3131,-3501,-3998,-3416,-3245,6178,4973,2411,1919,1574,2296,479,-3879,-6903,-19680,-20502
1.6,-246,-245,-252,-249,-258,-277,-276,-268,-344,-251,-273,393,-1532,-1565,-1973,-2137,-3241,-3124,-3497,-4001,-3421,-3250,5789,4704,2401,1927,1584,2277,536,-3792,-6817,-19636,-20461
1.60833,-248,-246,-252,-250,-258,-276,-276,-268,-344,-251,-273,77,-1556,-1594,-1979,-2137,-3234,-3118,-3493,-4004,-3426,-3255,5394,4439,2389,1933,1593,2258,591,-3707,-6730,-19591,-20419
1.61667,-249,-247,-253,-251,-259,-276,-276,-268,-345,-251,-272,-228,-1583,-1624,-1986,-2139,-3227,-3111,-3490,-4007,-3431,-3260,4994,4178,2374,1938,1602,2238,645,-3621,-6644,-19547,-20378
1.625,-250,-248,-253,-251,-259,-276,-276,-268,-346,-252,-272,-521,-1614,-1656,-1995,-2141,-3221,-3104,-3486,-4010,-3435,-3265,4591,3922,2358,1941,1609,2217,698,-3537,-6559,-19503,-20337
1.63333,-252,-249,-254,-252,-259,-275,-276,-268,-347,-252,-272,-802,-1648,-1689,-2004,-2144,-3214,-3098,-3482,-4013,-3440,-3270,4191,3672,2340,1944,1617,2197,749,-3453,-6473,-19459,-20296
1.64167,-253,-250,-254,-253,-260,-275,-276,-267,-348,-252,-272,-1070,-1685,-1723,-2015,-2149,-3207,-3092,-3478,-4015,-3445,-3275,3804,3429,2320,1945,1624,2175,798,-3370,-6388,-19415,-20255
1.65,-254,-252,-255,-254,-260,-275,-276,-267,-348,-252,-272,-1321,-1727,-1759,-2027,-2154,-3201,-3085,-3474,-4018,-3449,-3280,3437,3194,2297,1944,1630,2154,846,-3287,-6304,-19370,-20213
1.65833,-256,-253,-256,-255,-261,-274,-276,-267,-349,-252,-272,-1555,-1772,-1797,-2040,-2161,-3195,-3080,-3470,-4020,-3454,-3285,3095,2969,2273,1943,1635,2132,893,-3205,-6220,-19326,-20172
1.66667,-257,-254,-256,-256,-261,-274,-276,-267,-350,-252,-272,-1770,-1820,-1836,-2055,-2169,-3188,-3074,-3466,-4022,-3458,-3290,2780,2753,2246,1940,1640,2110,938,-3124,-6136,-19282,-20131
1.675,-258,-255,-257,-257,-262,-274,-276,-267,-351,-252,-272,-1968,-1869,-1875,-2071,-2179,-3182,-3068,-3462,-4024,-3463,-3295,2490,2549,2218,1936,1644,2088,981,-3043,-6052,-19238,-20090
1.68333,-259,-256,-258,-258,-262,-273,-276,-267,-351,-253,-271,-2149,-1919,-1915,-2088,-2190,-3177,-3063,-3459,-4026,-3467,-3300,2226,2356,2187,1930,1648,2065,1023,-2963,-5969,-19194,-20049
1.69167,-261,-257,-259,-259,-263,-273,-276,-267,-352,-253,-271,-2315,-1967,-1954,-2106,-2201,-3171,-3058,-3455,-4028,-3472,-3305,1985,2174,2154,1923,1651,2043,1063,-2884,-5887,-19150,-20007
1.7,-262,-258,-260,-260,-263,-273,-276,-267,-353,-253,-271,-2465,-2014,-1993,-2126,-2215,-3165,-3053,-3451,-4030,-3476,-3310,1768,2003,2119,1914,1653,2020,1102,-2805,-5804,-19106,-19966
1.70833,-263,-259,-261,-261,-264,-273,-276,-267,-354,-253,-271,-2600,-2059,-2032,-2147,-2229,-3160,-3048,-3447,-4031,-3481,-3315,1572,1843,2083,1904,1654,1997,1140,-2727,-5723,-19061,-19925
1.71667,-264,-260,-262,-262,-264,-273,-276,-268,-354,-253,-271,-2721,-2102,-2069,-2169,-2245,-3155,-3044,-3443,-4033,-3485,-3320,1397,1693,2046,1892,1655,1974,1175,-2650,-5641,-19017,-19884
1.725,-265,-260,-263,-263,-265,-272,-276,-268,-355,-253,-271,-2829,-2143,-2106,-2192,-2262,-3150,-3040,-3439,-4034,-3489,-3324,1243,1553,2009,1879,1655,1951,1209,-2573,-5560,-18973,-19843
1.73333,-266,-261,-264,-264,-265,-272,-276,-268,-356,-253,-271,-2924,-2183,-2142,-2216,-2281,-3145,-3036,-3436,-4035,-3493,-3329,1108,1423,1971,1864,1654,1928,1242,-2497,-5479,-18929,-19801
1.74167,-267,-262,-265,-265,-266,-272,-276,-268,-357,-254,-271,-3008,-2221,-2177,-2242,-2300,-3141,-3032,-3432,-4036,-3498,-3334,991,1302,1934,1848,1653,1904,1273,-2422,-5399,-18885,-19760
1.75,-268,-263,-266,-266,-266,-272,-276,-268,-357,-254,-270,-3079,-2259,-2212,-2268,-2320,-3136,-3029,-3428,-4037,-3502,-3339,892,1191,1897,1831,1650,1881,1302,-2347,-5319,-18841,-19719
1.75833,-269,-264,-267,-267,-267,-272,-277,-268,-358,-254,-270,-3140,-2296,-2247,-2296,-2342,-3132,-3026,-3424,-4038,-3506,-3344,809,1088,1861,1812,1647,1859,1330,-2273,-5239,-18797,-19678
1.76667,-269,-265,-268,-268,-267,-272,-277,-268,-359,-254,-270,-3191,-2333,-2282,-2324,-2365,-3128,-3023,-3421,-4039,-3510,-3349,742,995,1826,1793,1643,1836,1357,-2200,-5160,-18753,-19637
1.775,-270,-266,-269,-269,-268,-272,-277,-268,-360,-254,-270,-3232,-2370,-2317,-2353,-2388,-3125,-3020,-3417,-4040,-3514,-3354,689,910,1791,1773,1639,1813,1381,-2128,-5081,-18709,-19595
1.78333,-271,-266,-270,-270,-268,-272,-277,-268,-360,-254,-270,-3265,-2406,-2352,-2383,-2412,-3121,-3018,-3414,-4040,-3518,-3359,650,833,1758,1752,1633,1791,1405,-2056,-5003,-18665,-19554
1.79167,-272,-267,-271,-270,-269,-272,-277,-268,-361,-254,-270,-3289,-2442,-2387,-2413,-2437,-3118,-3016,-3411,-4041,-3522,-3364,624,764,1726,1731,1627,1768,1427,-1985,-4925,-18621,-19513
1.8,-272,-268,-272,-271,-269,-272,-277,-268,-362,-254,-270,-3306,-2477,-2422,-2444,-2463,-3115,-3015,-3407,-4041,-3526,-3369,609,702,1695,1709,1620,1746,1447,-1914,-4847,-18577,-19472
1.80833,-273,-269,-273,-272,-270,-272,-277,-269,-362,-254,-270,-3316,-2512,-2458,-2475,-2489,-3113,-3014,-3404,-4042,-3530,-3374,606,648,1666,1688,1613,1725,1466,-1845,-4770,-18533,-19431
1.81667,-274,-269,-274,-273,-270,-272,-277,-269,-363,-254,-269,-3320,-2546,-2493,-2507,-2515,-3110,-3013,-3401,-4042,-3534,-3379,612,602,1638,1666,1604,1703,1484,-1776,-4693,-18489,-19390
1.825,-274,-270,-275,-274,-271,-273,-277,-269,-364,-254,-269,-3318,-2580,-2528,-2539,-2542,-3108,-3012,-3398,-4042,-3538,-3383,628,562,1612,1644,1596,1682,1500,-1707,-4617,-18445,-19348
1.83333,-275,-271,-275,-275,-271,-273,-277,-269,-364,-255,-269,-3311,-2613,-2563,-2570,-2570,-3107,-3012,-3395,-4042,-3542,-3388,651,528,1587,1623,1587,1661,1516,-1640,-4541,-18401,-19307
1.84167,-276,-272,-276,-275,-272,-273,-277,-269,-365,-255,-269,-3300,-2646,-2598,-2602,-2598,-3105,-3012,-3392,-4042,-3545,-3393,682,501,1564,1602,1577,1641,1530,-1573,-4465,-18357,-19266
1.85,-276,-272,-277,-276,-272,-273,-277,-270,-366,-255,-269,-3285,-2678,-2633,-2634,-2625,-3104,-3013,-3389,-4042,-3549,-3398,719,480,1543,1581,1567,1621,1542,-1507,-4390,-18313,-19225
1.85833,-277,-273,-278,-277,-273,-273,-277,-270,-366,-255,-269,-3267,-2709,-2668,-2666,-2654,-3103,-3014,-3387,-4042,-3553,-3403,761,465,1524,1561,1557,1602,1554,-1441,-4315,-18269,-19184
1.86667,-277,-273,-278,-278,-273,-273,-277,-270,-367,-255,-269,-3247,-2740,-2702,-2697,-2682,-3103,-3015,-3384,-4041,-3557,-3408,808,455,1506,1541,1547,1583,1565,-1377,-4241,-18225,-19142
1.875,-278,-274,-279,-278,-274,-274,-277,-270,-368,-255,-268,-3225,-2770,-2736,-2728,-2710,-3102,-3017,-3382,-4041,-3560,-3413,858,450,1490,1522,1537,1564,1575,-1313,-4167,-18181,-19101
1.88333,-278,-275,-280,-279,-274,-274,-277,-271,-368,-255,-268,-3203,-2799,-2769,-2759,-2738,-3103,-3019,-3379,-4041,-3564,-3418,911,451,1475,1503,1526,1546,1583,-1250,-4094,-18137,-19060
1.89167,-279,-275,-280,-280,-275,-274,-277,-271,-369,-255,-268,-3180,-2827,-2801,-2789,-2766,-3103,-3022,-3377,-4040,-3568,-3422,965,456,1463,1485,1516,1528,1591,-1187,-4021,-18093,-19019
1.9,-279,-276,-281,-280,-275,-274,-277,-271,-370,-255,-268,-3157,-2855,-2831,-2818,-2793,-3104,-3025,-3375,-4040,-3571,-3427,1020,465,1452,1468,1505,1511,1598,-1125,-3948,-18049,-18978
1.90833,-280,-276,-282,-281,-275,-275,-278,-271,-370,-255,-268,-3135,-2882,-2861,-2847,-2821,-3105,-3028,-3373,-4039,-3575,-3432,1075,479,1442,1451,1495,1495,1604,-1064,-3876,-18006,-18936
1.91667,-280,-277,-282,-281,-276,-275,-278,-272,-371,-255,-268,-3114,-2907,-2890,-2875,-2848,-3106,-3032,-3371,-4038,-3579,-3437,1128,496,1434,1434,1484,1478,1609,-1004,-3804,-17962,-18895
1.925,-280,-278,-283,-282,-276,-275,-278,-272,-371,-255,-267,-3096,-2932,-2917,-2902,-2874,-3108,-3036,-3370,-4037,-3582,-3442,1180,518,1428,1419,1474,1463,1614,-945,-3733,-17918,-18854
1.93333,-281,-278,-283,-283,-277,-276,-278,-272,-372,-255,-267,-3081,-2956,-2943,-2929,-2900,-3111,-3041,-3368,-4037,-3586,-3447,1228,542,1424,1403,1464,1447,1618,-886,-3662,-17874,-18813
1.94167,-281,-279,-284,-283,-277,-276,-278,-273,-373,-255,-267,-3069,-2979,-2968,-2954,-2926,-3113,-3046,-3367,-4036,-3589,-3452,1273,570,1420,1388,1454,1433,1621,-828,-3591,-17830,-18772
1.95,-281,-279,-284,-284,-278,-276,-278,-273,-373,-255,-267,-3061,-3001,-2992,-2979,-2951,-3116,-3051,-3366,-4035,-3593,-3456,1312,600,1419,1374,1444,1418,1623,-771,-3521,-17786,-18730
1.95833,-282,-280,-285,-284,-278,-276,-278,-274,-374,-255,-267,-3058,-3022,-3015,-3003,-2976,-3120,-3057,-3365,-4034,-3596,-3461,1346,633,1419,1360,1434,1404,1625,-715,-3451,-17742,-18689
1.96667,-282,-280,-285,-285,-278,-277,-278,-274,-374,-255,-267,-3060,-3042,-3037,-3027,-3000,-3123,-3062,-3364,-4033,-3600,-3466,1374,668,1420,1347,1424,1391,1626,-659,-3382,-17699,-18648
1.975,-282,-280,-286,-285,-279,-277,-278,-274,-375,-255,-267,-3066,-3062,-3058,-3050,-3024,-3128,-3069,-3364,-4032,-3603,-3471,1397,705,1422,1334,1415,1378,1627,-604,-3314,-17655,-18607
1.98333,-283,-281,-286,-286,-279,-277,-278,-275,-376,-256,-266,-3076,-3081,-3078,-3072,-3047,-3132,-3075,-3363,-4030,-3606,-3476,1415,744,1425,1321,1405,1365,1627,-550,-3245,-17611,-18566
1.99167,-283,-281,-287,-286,-280,-278,-278,-275,-376,-256,-266,-3089,-3099,-3098,-3093,-3070,-3137,-3082,-3363,-4029,-3610,-3481,1430,785,1430,1309,1396,1353,1626,-497,-3177,-17567,-18525
2,-283,-282,-287,-286,-280,-278,-278,-276,-377,-256,-266,-3104,-3117,-3116,-3114,-3092,-3142,-3089,-3363,-4028,-3613,-3485,1443,826,1435,1298,1387,1341,1626,-444,-3110,-17523,-18483
2.00833,-283,-282,-288,-287,-280,-278,-278,-276,-377,-256,-266,-3120,-3133,-3134,-3135,-3114,-3148,-3097,-3363,-4026,-3616,-3490,1454,869,1441,1286,1378,1330,1624,-392,-3043,-17480,-18442
2.01667,-284,-282,-288,-287,-281,-279,-278,-277,-378,-256,-266,-3137,-3149,-3151,-3154,-3135,-3154,-3104,-3364,-4025,-3620,-3495,1464,912,1448,1276,1369,1318,1622,-342,-2977,-17436,-18401
2.025,-284,-283,-288,-288,-281,-279,-278,-277,-378,-256,-266,-3154,-3163,-3167,-3174,-3155,-3160,-3112,-3364,-4024,-3623,-3500,1473,955,1455,1265,1360,1308,1620,-291,-2910,-17392,-18360
2.03333,-284,-283,-289,-288,-281,-280,-278,-278,-379,-256,-265,-3171,-3177,-3183,-3193,-3175,-3167,-3120,-3365,-4022,-3626,-3505,1480,999,1462,1255,1351,1297,1617,-242,-2845,-17348,-18319
2.04167,-284,-283,-289,-288,-282,-280,-278,-278,-379,-256,-265,-3188,-3189,-3199,-3211,-3195,-3174,-3128,-3366,-4021,-3630,-3510,1485,1043,1468,1245,1342,1288,1614,-193,-2780,-17305,-18277
2.05,-285,-284,-289,-289,-282,-280,-278,-279,-380,-256,-265,-3205,-3201,-3214,-3229,-3214,-3181,-3137,-3367,-4019,-3633,-3514,1490,1086,1475,1236,1334,1278,1610,-146,-2715,-17261,-18236
2.05833,-285,-284,-289,-289,-282,-281,-278,-280,-380,-256,-265,-3222,-3211,-3228,-3247,-3232,-3188,-3146,-3369,-4018,-3636,-3519,1493,1128,1481,1227,1325,1269,1606,-99,-2651,-17217,-18195
2.06667,-285,-284,-290,-289,-283,-281,-278,-280,-381,-256,-265,-3238,-3221,-3242,-3264,-3250,-3196,-3155,-3370,-4016,-3639,-3524,1496,1169,1486,1219,1317,1260,1602,-53,-2587,-17174,-18154
2.075,-285,-285,-290,-290,-283,-281,-278,-281,-381,-256,-265,-3255,-3229,-3256,-3281,-3268,-3204,-3164,-3372,-4014,-3642,-3529,1497,1210,1491,1210,1309,1251,1597,-7,-2524,-17130,-18113
2.08333,-285,-285,-290,-290,-283,-281,-278,-281,-382,-256,-264,-3271,-3237,-3270,-3297,-3285,-3212,-3173,-3374,-4013,-3645,-3534,1497,1248,1494,1203,1301,1243,1592,37,-2461,-17086,-18072
2.09167,-285,-285,-290,-290,-284,-282,-278,-282,-382,-256,-264,-3287,-3244,-3283,-3313,-3302,-3220,-3182,-3376,-4011,-3649,-3538,1496,1285,1496,1195,1293,1235,1586,81,-2399,-17042,-18030
2.1,-286,-285,-291,-290,-284,-282,-278,-283,-383,-256,-264,-3303,-3252,-3296,-3329,-3318,-3228,-3192,-3379,-4009,-3652,-3543,1494,1320,1498,1188,1285,1227,1580,124,-2337,-16999,-17989
2.10833,-286,-286,-291,-290,-284,-282,-278,-283,-383,-256,-264,-3319,-3259,-3309,-3345,-3334,-3237,-3202,-3382,-4007,-3655,-3548,1491,1353,1498,1181,1277,1220,1574,166,-2275,-16955,-17948
2.11667,-286,-286,-291,-291,-284,-283,-278,-284,-384,-256,-264,-3335,-3267,-3322,-3360,-3349,-3246,-3211,-3384,-4006,-3658,-3553,1487,1383,1497,1174,1269,1213,1568,207,-2214,-16912,-17907
2.125,-286,-286,-291,-291,-284,-283,-278,-285,-384,-256,-263,-3350,-3275,-3335,-3375,-3364,-3255,-3222,-3387,-4004,-3661,-3558,1483,1410,1495,1168,1262,1206,1561,247,-2154,-16868,-17866
2.13333,-286,-286,-291,-291,-285,-283,-278,-286,-385,-255,-263,-3365,-3283,-3347,-3389,-3379,-3264,-3232,-3391,-4002,-3664,-3562,1477,1434,1492,1162,1255,1200,1553,287,-2094,-16824,-17824
2.14167,-286,-286,-291,-291,-285,-283,-278,-286,-385,-255,-263,-3380,-3292,-3359,-3403,-3393,-3274,-3242,-3394,-4000,-3667,-3567,1471,1454,1488,1156,1247,1193,1546,326,-2034,-16781,-17783
2.15,-286,-286,-292,-291,-285,-284,-278,-287,-386,-255,-263,-3395,-3301,-3371,-3417,-3407,-3283,-3252,-3398,-3998,-3670,-3572,1464,1471,1483,1151,1240,1187,1538,363,-1975,-16737,-17742
2.15833,-286,-287,-292,-291,-285,-284,-278,-288,-386,-255,-263,-3410,-3310,-3383,-3430,-3420,-3293,-3263,-3401,-3996,-3673,-3577,1456,1485,1477,1146,1233,1182,1530,400,-1917,-16694,-17701
2.16667,-286,-287,-292,-292,-285,-284,-278,-289,-387,-255,-263,-3424,-3320,-3395,-3444,-3433,-3303,-3274,-3405,-3994,-3676,-3582,1448,1495,1471,1141,1227,1176,1522,437,-1859,-16650,-17660
2.175,-286,-287,-292,-292,-285,-284,-278,-290,-387,-255,-262,-3438,-3330,-3406,-3456,-3446,-3313,-3285,-3409,-3992,-3679,-3586,1439,1502,1464,1136,1220,1171,1513,472,-1801,-16606,-17619
2.18333,-287,-287,-292,-292,-286,-285,-278,-290,-387,-255,-262,-3452,-3340,-3417,-3469,-3458,-3323,-3295,-3414,-3991,-3682,-3591,1430,1505,1456,1132,1213,1166,1504,506,-1744,-16563,-17577
2.19167,-287,-287,-292,-292,-286,-285,-278,-291,-388,-255,-262,-3466,-3351,-3428,-3481,-3470,-3333,-3306,-3418,-3989,-3685,-3596,1419,1507,1447,1128,1207,1161,1495,540,-1687,-16519,-17536
2.2,-287,-287,-292,-292,-286,-285,-277,-292,-388,-255,-262,-3479,-3362,-3439,-3493,-3481,-3344,-3318,-3422,-3987,-3688,-3601,1409,1506,1438,1124,1201,1156,1486,573,-1631,-16476,-17495
2.20833,-287,-287,-292,-292,-286,-285,-277,-293,-389,-255,-262,-3492,-3373,-3450,-3505,-3492,-3354,-3329,-3427,-3985,-3691,-3606,1398,1502,1428,1120,1195,1152,1476,604,-1575,-16432,-17454
2.21667,-287,-287,-292,-292,-286,-285,-277,-294,-389,-255,-261,-3505,-3384,-3461,-3516,-3503,-3365,-3340,-3432,-3983,-3694,-3610,1387,1497,1417,1117,1189,1148,1466,635,-1520,-16389,-17413
2.225,-287,-287,-292,-292,-286,-285,-277,-295,-389,-255,-261,-3518,-3395,-3471,-3527,-3513,-3376,-3352,-3437,-3981,-3697,-3615,1375,1489,1407,1114,1183,1144,1456,666,-1466,-16345,-17371
2.23333,-287,-287,-292,-292,-286,-285,-277,-296,-390,-255,-261,-3530,-3407,-3482,-3537,-3523,-3387,-3363,-3442,-3979,-3700,-3620,1363,1480,1395,1111,1177,1140,1446,695,-1412,-16302,-17330
2.24167,-287,-287,-292,-292,-286,-286,-277,-297,-390,-255,-261,-3542,-3419,-3492,-3548,-3533,-3398,-3375,-3447,-3977,-3702,-3625,1350,1469,1383,1108,1172,1136,1436,723,-1358,-16258,-17289
2.25,-287,-287,-292,-292,-286,-286,-277,-298,-391,-255,-261,-3553,-3431,-3502,-3558,-3542,-3409,-3386,-3452,-3975,-3705,-3630,1338,1456,1371,1105,1166,1133,1426,751,-1305,-16215,-17248
2.25833,-287,-287,-292,-292,-286,-286,-277,-299,-391,-255,-260,-3565,-3443,-3512,-3568,-3551,-3420,-3398,-3458,-3973,-3708,-3634,1325,1443,1359,1102,1161,1129,1415,777,-1252,-16172,-17207
2.26667,-287,-287,-292,-292,-286,-286,-276,-300,-391,-255,-260,-3576,-3456,-3522,-3577,-3560,-3432,-3410,-3463,-3971,-3711,-3639,1312,1427,1346,1100,1156,1126,1404,803,-1200,-16128,-17166
2.275,-287,-287,-292,-291,-286,-286,-276,-301,-392,-255,-260,-3586,-3468,-3532,-3586,-3568,-3443,-3421,-3469,-3969,-3714,-3644,1299,1411,1332,1098,1151,1123,1393,828,-1148,-16085,-17124
2.28333,-287,-287,-291,-291,-286,-286,-276,-302,-392,-254,-260,-3597,-3481,-3542,-3595,-3576,-3454,-3433,-3474,-3968,-3717,-3649,1286,1394,1319,1096,1146,1120,1382,852,-1097,-16041,-17083
2.29167,-287,-287,-291,-291,-286,-286,-276,-303,-392,-254,-260,-3607,-3493,-3552,-3604,-3584,-3466,-3445,-3480,-3966,-3719,-3653,1273,1376,1306,1094,1142,1117,1371,875,-1047,-15998,-17042
2.3,-287,-287,-291,-291,-286,-286,-276,-304,-393,-254,-259,-3617,-3506,-3561,-3612,-3592,-3477,-3457,-3486,-3964,-3722,-3658,1260,1357,1292,1092,1138,1114,1360,897,-997,-15955,-17001
2.30833,-287,-287,-291,-291,-286,-286,-276,-305,-393,-254,-259,-3626,-3519,-3571,-3620,-3599,-3489,-3469,-3492,-3962,-3725,-3663,1246,1338,1278,1090,1133,1112,1349,918,-947,-15911,-16960
2.31667,-287,-287,-291,-291,-286,-286,-276,-306,-393,-254,-259,-3635,-3532,-3580,-3628,-3606,-3501,-3481,-3498,-3960,-3728,-3668,1233,1318,1264,1089,1129,1109,1338,939,-898,-15868,-16918
2.325,-287,-287,-291,-291,-286,-286,-276,-307,-394,-254,-259,-3644,-3545,-3590,-3635,-3612,-3513,-3493,-3504,-3959,-3731,-3673,1221,1299,1250,1087,1125,1107,1326,959,-849,-15824,-16877
2.33333,-287,-287,-290,-290,-286,-286,-276,-309,-394,-254,-259,-3652,-3558,-3599,-3643,-3619,-3524,-3505,-3510,-3957,-3734,-3677,1208,1279,1236,1086,1122,1104,1315,978,-801,-15781,-16836
2.34167,-287,-287,-290,-290,-285,-286,-275,-310,-394,-254,-258,-3660,-3571,-3608,-3650,-3625,-3536,-3517,-3516,-3955,-3736,-3682,1195,1259,1222,1085,1118,1102,1304,996,-754,-15738,-16795
2.35,-286,-287,-290,-290,-285,-286,-275,-311,-394,-254,-258,-3667,-3584,-3618,-3656,-3631,-3548,-3529,-3522,-3953,-3739,-3687,1183,1239,1209,1084,1115,1100,1292,1013,-707,-15694,-16754
2.35833,-286,-287,-290,-290,-285,-285,-275,-312,-395,-254,-258,-3674,-3597,-3627,-3663,-3636,-3560,-3541,-3528,-3952,-3742,-3692,1171,1220,1195,1083,1112,1098,1281,1030,-660,-15651,-16713
2.36667,-286,-286,-290,-290,-285,-285,-275,-313,-395,-254,-258,-3681,-3610,-3636,-3669,-3642,-3572,-3553,-3534,-3950,-3745,-3696,1159,1201,1182,1082,1109,1096,1269,1046,-615,-15608,-16671
2.375,-286,-286,-289,-289,-285,-285,-275,-314,-395,-253,-258,-3687,-3623,-3645,-3675,-3647,-3583,-3565,-3541,-3948,-3747,-3701,1148,1183,1168,1081,1106,1094,1258,1061,-569,-15565,-16630
2.38333,-286,-286,-289,-289,-285,-285,-275,-316,-395,-253,-257,-3693,-3636,-3654,-3681,-3651,-3595,-3577,-3547,-3947,-3750,-3706,1137,1165,1155,1080,1103,1092,1247,1076,-524,-15521,-16589
2.39167,-286,-286,-289,-289,-285,-285,-275,-317,-396,-253,-257,-3699,-3648,-3663,-3686,-3656,-3607,-3589,-3553,-3945,-3753,-3711,1127,1149,1143,1079,1101,1090,1235,1089,-480,-15478,-16548
2.4,-286,-286,-289,-289,-284,-285,-276,-318,-396,-253,-257,-3704,-3661,-3672,-3691,-3661,-3619,-3601,-3560,-3944,-3756,-3715,1117,1133,1130,1078,1099,1088,1224,1102,-436,-15435,-16507
2.40833,-286,-286,-288,-288,-284,-284,-276,-319,-396,-253,-257,-3708,-3674,-3681,-3696,-3665,-3631,-3612,-3566,-3942,-3758,-3720,1108,1119,1119,1077,1097,1086,1213,1115,-393,-15392,-16466
2.41667,-286,-285,-288,-288,-284,-284,-276,-321,-396,-253,-256,-3712,-3686,-3690,-3701,-3669,-3643,-3624,-3572,-3941,-3761,-3725,1099,1106,1107,1077,1095,1084,1201,1127,-350,-15348,-16424
2.425,-285,-285,-288,-288,-284,-284,-276,-322,-397,-253,-256,-3716,-3699,-3699,-3705,-3672,-3654,-3636,-3578,-3940,-3764,-3730,1091,1094,1096,1076,1093,1082,1190,1138,-308,-15305,-16383
2.43333,-285,-285,-287,-287,-283,-284,-276,-323,-397,-253,-256,-3719,-3711,-3708,-3710,-3676,-3666,-3648,-3585,-3938,-3767,-3735,1083,1084,1086,1075,1092,1080,1179,1149,-267,-15262,-16342
2.44167,-285,-285,-287,-287,-283,-283,-276,-325,-397,-252,-256,-3722,-3723,-3717,-3713,-3679,-3678,-3659,-3591,-3937,-3769,-3739,1076,1075,1075,1074,1090,1078,1168,1159,-226,-15219,-16301
2.45,-285,-284,-287,-287,-283,-283,-277,-326,-397,-252,-255,-3724,-3735,-3726,-3717,-3683,-3690,-3671,-3597,-3936,-3772,-3744,1070,1067,1066,1074,1089,1076,1157,1169,-185,-15176,-16260
2.45833,-285,-284,-286,-286,-283,-283,-277,-327,-397,-252,-255,-3726,-3746,-3735,-3721,-3686,-3701,-3682,-3603,-3935,-3775,-3749,1065,1060,1057,1073,1089,1074,1147,1178,-145,-15133,-16218
2.46667,-284,-284,-286,-286,-282,-282,-277,-328,-398,-252,-255,-3727,-3758,-3744,-3724,-3689,-3713,-3694,-3610,-3934,-3778,-3754,1060,1054,1048,1072,1088,1072,1136,1187,-106,-15089,-16177
2.475,-284,-284,-286,-285,-282,-282,-278,-330,-398,-252,-255,-3728,-3769,-3753,-3727,-3691,-3725,-3705,-3616,-3933,-3780,-3758,1056,1049,1040,1071,1088,1069,1125,1195,-67,-15046,-16136
2.48333,-284,-283,-285,-285,-282,-281,-278,-331,-398,-252,-255,-3728,-3781,-3762,-3730,-3694,-3736,-3716,-3622,-3932,-3783,-3763,1053,1046,1032,1071,1087,1067,1115,1203,-28,-15003,-16095
2.49167,-284,-283,-285,-285,-281,-281,-279,-332,-398,-252,-254,-3728,-3792,-3771,-3732,-3697,-3748,-3728,-3628,-3931,-3786,-3768,1050,1043,1024,1070,1088,1065,1104,1210,9,-14960,-16054
2.5,-283,-283,-284,-284,-281,-280,-279,-334,-398,-251,-254,-3728,-3803,-3780,-3735,-3700,-3759,-3739,-3634,-3930,-3789,-3773,1048,1041,1017,1070,1088,1063,1094,1217,46,-14917,-16013
2.50833,-283,-282,-284,-284,-280,-280,-280,-335,-398,-251,-254,-3727,-3813,-3789,-3737,-3703,-3771,-3750,-3640,-3929,-3791,-3777,1047,1040,1010,1069,1088,1060,1084,1224,83,-14874,-15971
2.51667,-283,-282,-284,-283,-280,-279,-280,-336,-398,-251,-254,-3726,-3824,-3798,-3739,-3705,-3783,-3761,-3646,-3928,-3794,-3782,1046,1040,1004,1069,1089,1058,1073,1230,119,-14831,-15930
2.525,-282,-282,-283,-283,-280,-279,-281,-338,-399,-251,-253,-3724,-3834,-3806,-3741,-3708,-3794,-3772,-3652,-3927,-3797,-3787,1046,1040,998,1068,1090,1055,1063,1235,155,-14788,-15889
2.53333,-282,-282,-283,-282,-279,-278,-282,-339,-399,-251,-253,-3722,-3844,-3815,-3742,-3712,-3806,-3783,-3658,-3927,-3800,-3792,1046,1042,993,1068,1090,1052,1053,1241,190,-14745,-15848
2.54167,-282,-281,-282,-282,-279,-277,-282,-341,-399,-251,-253,-3720,-3855,-3824,-3744,-3715,-3818,-3793,-3664,-3926,-3802,-3797,1047,1044,987,1067,1092,1050,1043,1246,224,-14702,-15807
2.55,-281,-281,-282,-281,-278,-277,-283,-342,-399,-251,-253,-3717,-3864,-3833,-3745,-3719,-3829,-3804,-3670,-3926,-3805,-3801,1048,1046,983,1067,1093,1047,1034,1251,258,-14659,-15766
2.55833,-281,-280,-281,-281,-278,-276,-284,-343,-399,-250,-252,-3714,-3874,-3841,-3746,-3723,-3841,-3815,-3676,-3925,-3808,-3806,1051,1050,978,1066,1094,1044,1024,1255,291,-14616,-15724
2.56667,-281,-280,-281,-280,-277,-275,-285,-345,-399,-250,-252,-3711,-3884,-3850,-3748,-3727,-3853,-3825,-3682,-3925,-3811,-3811,1053,1053,974,1066,1096,1041,1014,1259,324,-14573,-15683
2.575,-280,-280,-280,-280,-277,-275,-286,-346,-399,-250,-252,-3708,-3893,-3858,-3748,-3732,-3864,-3836,-3687,-3924,-3813,-3816,1056,1058,970,1066,1097,1038,1005,1263,356,-14530,-15642
2.58333,-280,-279,-280,-279,-276,-274,-287,-347,-399,-250,-252,-3704,-3902,-3867,-3749,-3737,-3876,-3846,-3693,-3924,-3816,-3820,1060,1062,967,1065,1099,1034,995,1267,387,-14487,-15601
2.59167,-280,-279,-279,-279,-276,-273,-288,-349,-399,-250,-251,-3700,-3911,-3875,-3750,-3743,-3888,-3856,-3699,-3924,-3819,-3825,1064,1067,964,1065,1101,1031,986,1270,418,-14444,-15560
2.6,-279,-279,-279,-278,-275,-272,-289,-350,-399,-249,-251,-3696,-3920,-3883,-3751,-3749,-3899,-3867,-3705,-3923,-3822,-3830,1069,1073,961,1065,1103,1028,977,1273,448,-14401,-15519
2.60833,-279,-278,-278,-278,-274,-271,-291,-352,-399,-249,-251,-3692,-3929,-3892,-3751,-3755,-3911,-3877,-3710,-3923,-3824,-3835,1074,1078,959,1065,1105,1024,967,1276,478,-14358,-15477
2.61667,-278,-278,-278,-277,-274,-270,-292,-353,-399,-249,-251,-3688,-3938,-3900,-3751,-3763,-3923,-3887,-3716,-3923,-3827,-3840,1080,1084,957,1065,1107,1021,958,1279,507,-14315,-15436
2.625,-278,-277,-277,-276,-273,-270,-293,-355,-399,-249,-250,-3684,-3946,-3908,-3752,-3770,-3934,-3897,-3721,-3923,-3830,-3844,1086,1091,955,1064,1109,1017,949,1282,536,-14272,-15395
2.63333,-278,-277,-277,-276,-273,-269,-295,-356,-399,-249,-250,-3679,-3954,-3916,-3752,-3779,-3946,-3907,-3727,-3923,-3833,-3849,1092,1097,953,1064,1111,1013,940,1284,564,-14229,-15354
2.64167,-277,-276,-276,-275,-272,-268,-296,-357,-399,-248,-250,-3674,-3962,-3924,-3752,-3788,-3957,-3917,-3733,-3923,-3836,-3854,1099,1103,952,1064,1113,1010,932,1286,591,-14187,-15313
2.65,-277,-276,-276,-275,-271,-267,-298,-359,-399,-248,-250,-3670,-3970,-3931,-3752,-3798,-3969,-3926,-3738,-3923,-3838,-3859,1107,1110,951,1064,1115,1006,923,1288,618,-14144,-15272
2.65833,-277,-276,-275,-274,-271,-266,-300,-360,-399,-248,-249,-3665,-3978,-3939,-3753,-3808,-3980,-3936,-3744,-3923,-3841,-3863,1114,1116,950,1064,1117,1002,914,1290,644,-14101,-15230
2.66667,-276,-275,-275,-273,-270,-265,-301,-362,-399,-248,-249,-3660,-3985,-3947,-3753,-3820,-3992,-3945,-3749,-3923,-3844,-3868,1123,1123,950,1064,1119,998,906,1291,670,-14058,-15189
2.675,-276,-275,-274,-273,-269,-264,-303,-363,-399,-248,-249,-3656,-3992,-3954,-3753,-3831,-4003,-3955,-3754,-3923,-3847,-3873,1131,1129,950,1065,1122,994,897,1293,695,-14015,-15148
2.68333,-275,-274,-273,-272,-269,-262,-305,-364,-399,-247,-249,-3651,-3999,-3962,-3753,-3844,-4014,-3964,-3760,-3924,-3850,-3878,1140,1136,950,1065,1124,989,889,1294,719,-13972,-15107
2.69167,-275,-274,-273,-271,-268,-261,-307,-366,-399,-247,-248,-3648,-4006,-3969,-3753,-3857,-4026,-3974,-3765,-3924,-3853,-3883,1150,1142,950,1065,1126,985,881,1295,743,-13930,-15066
2.7,-275,-274,-272,-271,-267,-260,-309,-367,-399,-247,-248,-3644,-4013,-3976,-3753,-3870,-4037,-3983,-3770,-3924,-3855,-3887,1159,1148,951,1065,1128,981,872,1296,767,-13887,-15025
2.70833,-274,-273,-272,-270,-266,-259,-311,-369,-399,-247,-248,-3642,-4020,-3983,-3753,-3885,-4048,-3992,-3776,-3925,-3858,-3892,1169,1153,951,1066,1131,977,864,1297,789,-13844,-14983
2.71667,-274,-273,-271,-269,-266,-258,-313,-370,-399,-247,-248,-3640,-4026,-3990,-3753,-3899,-4059,-4001,-3781,-3925,-3861,-3897,1179,1159,952,1066,1133,972,856,1298,811,-13801,-14942
2.725,-273,-272,-271,-269,-265,-257,-316,-371,-399,-246,-247,-3638,-4032,-3997,-3753,-3914,-4070,-4010,-3786,-3925,-3864,-3902,1189,1164,954,1066,1135,968,848,1298,833,-13759,-14901
2.73333,-273,-272,-270,-268,-264,-256,-318,-373,-399,-246,-247,-3637,-4038,-4004,-3753,-3930,-4081,-4019,-3791,-3926,-3867,-3906,1199,1169,955,1067,1137,963,841,1299,854,-13716,-14860
2.74167,-273,-271,-269,-267,-263,-255,-320,-374,-399,-246,-247,-3637,-4044,-4010,-3753,-3947,-4092,-4027,-3797,-3927,-3870,-3911,1208,1173,957,1067,1139,959,833,1299,874,-13673,-14819
2.75,-272,-271,-269,-266,-263,-254,-323,-376,-399,-246,-246,-3637,-4050,-4016,-3753,-3963,-4103,-4036,-3802,-3927,-3873,-3916,1216,1177,959,1068,1141,954,825,1299,894,-13631,-14778
2.75833,-272,-271,-268,-266,-262,-253,-325,-377,-398,-245,-246,-3638,-4055,-4023,-3753,-3981,-4114,-4045,-3807,-3928,-3875,-3921,1223,1181,961,1068,1143,950,818,1299,913,-13588,-14736
2.76667,-271,-270,-268,-265,-261,-252,-328,-378,-398,-245,-246,-3639,-4061,-4029,-3754,-3998,-4125,-4053,-3812,-3929,-3878,-3926,1230,1185,963,1069,1145,945,810,1299,932,-13545,-14695
2.775,-271,-270,-267,-264,-260,-251,-330,-380,-398,-245,-246,-3641,-4066,-4035,-3754,-4016,-4136,-4061,-3817,-3929,-3881,-3930,1236,1189,965,1070,1147,940,803,1299,950,-13503,-14654
2.78333,-271,-269,-266,-264,-260,-250,-333,-381,-398,-245,-245,-3643,-4071,-4041,-3755,-4035,-4146,-4070,-3822,-3930,-3884,-3935,1242,1192,968,1071,1149,935,796,1299,967,-13460,-14613
2.79167,-270,-269,-266,-263,-259,-249,-336,-382,-398,-245,-245,-3645,-4075,-4046,-3755,-4054,-4157,-4078,-3827,-3931,-3887,-3940,1247,1195,970,1071,1150,930,788,1298,984,-13417,-14572
2.8,-270,-268,-265,-262,-258,-248,-339,-384,-398,-244,-245,-3649,-4080,-4052,-3756,-4073,-4167,-4086,-3832,-3932,-3890,-3945,1251,1197,973,1072,1152,926,781,1298,1001,-13375,-14531
2.80833,-269,-268,-264,-262,-257,-247,-341,-385,-398,-244,-245,-3652,-4084,-4057,-3757,-4093,-4178,-4094,-3837,-3933,-3893,-3950,1254,1200,976,1073,1154,921,774,1297,1017,-13332,-14489
2.81667,-269,-267,-264,-261,-256,-246,-344,-387,-397,-244,-244,-3656,-4088,-4062,-3758,-4113,-4188,-4102,-3842,-3934,-3896,-3954,1257,1202,979,1074,1155,916,768,1296,1032,-13290,-14448
2.825,-269,-267,-263,-260,-256,-245,-347,-388,-397,-244,-244,-3660,-4092,-4067,-3759,-4133,-4199,-4109,-3847,-3935,-3899,-3959,1260,1204,982,1075,1157,911,761,1295,1047,-13247,-14407
2.83333,-268,-266,-262,-259,-255,-244,-350,-389,-397,-243,-244,-3665,-4096,-4072,-3760,-4154,-4209,-4117,-3851,-3936,-3902,-3964,1262,1206,986,1076,1158,906,754,1294,1061,-13205,-14366
2.84167,-268,-266,-262,-259,-254,-243,-353,-391,-397,-243,-243,-3670,-4100,-4077,-3761,-4175,-4219,-4124,-3856,-3937,-3905,-3969,1263,1207,989,1077,1159,901,747,1293,1075,-13162,-14325
2.85,-267,-266,-261,-258,-253,-243,-356,-392,-397,-243,-243,-3676,-4103,-4081,-3762,-4197,-4229,-4132,-3861,-3938,-3907,-3974,1264,1208,993,1078,1160,896,741,1292,1088,-13120,-14284
2.85833,-267,-265,-260,-257,-252,-242,-359,-393,-396,-243,-243,-3681,-4106,-4086,-3764,-4218,-4239,-4139,-3866,-3939,-3910,-3978,1265,1209,996,1080,1161,891,734,1291,1101,-13077,-14242
2.86667,-266,-265,-260,-257,-252,-241,-363,-395,-396,-242,-243,-3688,-4109,-4090,-3766,-4240,-4249,-4146,-3870,-3940,-3913,-3983,1265,1210,1000,1081,1162,885,728,1289,1114,-13035,-14201
2.875,-266,-264,-259,-256,-251,-240,-366,-396,-396,-242,-242,-3694,-4112,-4094,-3768,-4262,-4258,-4154,-3875,-3942,-3916,-3988,1264,1210,1004,1082,1163,880,722,1288,1126,-12992,-14160
2.88333,-265,-264,-258,-255,-250,-240,-369,-397,-396,-242,-242,-3701,-4115,-4097,-3770,-4284,-4268,-4161,-3880,-3943,-3919,-3993,1263,1211,1008,1084,1164,875,716,1286,1137,-12950,-14119
2.89167,-265,-263,-258,-254,-249,-239,-372,-398,-395,-241,-242,-3708,-4117,-4101,-3772,-4307,-4277,-4167,-3884,-3944,-3922,-3998,1262,1211,1012,1085,1164,870,710,1284,1148,-12907,-14078
2.9,-264,-263,-257,-254,-248,-239,-375,-400,-395,-241,-241,-3716,-4119,-4104,-3775,-4330,-4287,-4174,-3889,-3946,-3925,-4002,1260,1211,1016,1087,1165,865,704,1283,1158,-12865,-14037
2.90833,-264,-262,-256,-253,-248,-238,-379,-401,-395,-241,-241,-3723,-4121,-4107,-3777,-4353,-4296,-4181,-3894,-3947,-3928,-4007,1258,1210,1020,1089,1165,860,698,1281,1169,-12822,-13995
2.91667,-264,-262,-255,-252,-247,-238,-382,-402,-395,-241,-241,-3731,-4123,-4110,-3780,-4376,-4305,-4187,-3898,-3949,-3931,-4012,1256,1210,1024,1090,1165,854,692,1279,1178,-12780,-13954
2.925,-263,-261,-255,-252,-246,-238,-386,-403,-394,-240,-241,-3739,-4125,-4113,-3784,-4399,-4314,-4194,-3903,-3950,-3935,-4017,1253,1209,1029,1092,1165,849,687,1277,1187,-12738,-13913
2.93333,-263,-261,-254,-251,-245,-237,-389,-405,-394,-240,-240,-3748,-4126,-4115,-3787,-4422,-4323,-4200,-3907,-3952,-3938,-4022,1250,1208,1033,1094,1165,844,681,1274,1196,-12695,-13872
2.94167,-262,-260,-253,-250,-244,-237,-392,-406,-394,-240,-240,-3757,-4127,-4117,-3791,-4446,-4332,-4206,-3911,-3953,-3941,-4026,1247,1207,1037,1096,1165,839,676,1272,1204,-12653,-13831
2.95,-262,-260,-253,-250,-243,-237,-396,-407,-393,-239,-240,-3766,-4128,-4119,-3795,-4469,-4341,-4212,-3916,-3955,-3944,-4031,1243,1205,1042,1098,1164,833,670,1270,1212,-12611,-13790
2.95833,-261,-259,-252,-249,-243,-237,-399,-408,-393,-239,-239,-3775,-4129,-4121,-3799,-4493,-4349,-4218,-3920,-3957,-3947,-4036,1239,1204,1046,1100,1164,828,665,1267,1220,-12568,-13749
2.96667,-261,-259,-251,-249,-242,-237,-403,-410,-393,-239,-239,-3784,-4130,-4123,-3803,-4517,-4358,-4224,-3925,-3958,-3950,-4041,1235,1202,1050,1102,1163,823,660,1265,1227,-12526,-13707
2.975,-260,-258,-250,-248,-241,-237,-406,-411,-392,-239,-239,-3794,-4130,-4124,-3808,-4540,-4366,-4230,-3929,-3960,-3953,-4046,1231,1200,1054,1104,1162,818,655,1262,1233,-12484,-13666
2.98333,-259,-257,-250,-247,-240,-238,-410,-412,-392,-238,-239,-3803,-4131,-4125,-3813,-4564,-4374,-4236,-3933,-3962,-3956,-4050,1226,1198,1059,1106,1161,812,650,1260,1240,-12441,-13625
2.99167,-259,-257,-249,-247,-240,-238,-414,-413,-392,-238,-238,-3813,-4131,-4126,-3818,-4588,-4382,-4241,-3938,-3964,-3959,-4055,1222,1196,1063,1108,1160,807,645,1257,1246,-12399,-13584
3,-258,-256,-248,-246,-239,-238,-417,-414,-391,-238,-238,-3823,-4130,-4127,-3824,-4612,-4390,-4247,-3942,-3965,-3962,-4060,1217,1193,1067,1111,1158,802,640,1254,1251,-12357,-13543
3.00833,-258,-256,-247,-245,-238,-239,-421,-415,-391,-237,-238,-3833,-4130,-4127,-3830,-4635,-4398,-4252,-3946,-3967,-3965,-4065,1212,1191,1072,1113,1156,797,635,1251,1256,-12315,-13502
3.01667,-257,-255,-246,-245,-237,-239,-424,-416,-390,-237,-237,-3843,-4129,-4127,-3836,-4659,-4406,-4257,-3950,-3969,-3969,-4070,1207,1188,1076,1116,1154,791,631,1248,1261,-12273,-13460
3.025,-257,-255,-246,-244,-236,-240,-428,-417,-390,-237,-237,-3854,-4128,-4127,-3843,-4683,-4413,-4262,-3954,-3971,-3972,-4075,1202,1185,1080,1118,1152,786,626,1245,1265,-12230,-13419
3.03333,-256,-254,-245,-244,-236,-241,-432,-419,-390,-236,-237,-3864,-4127,-4126,-3849,-4706,-4421,-4267,-3959,-3973,-3975,-4079,1196,1182,1084,1121,1150,781,622,1242,1270,-12188,-13378
3.04167,-255,-253,-244,-243,-235,-242,-435,-420,-389,-236,-236,-3875,-4126,-4126,-3857,-4730,-4428,-4272,-3963,-3975,-3978,-4084,1191,1178,1088,1124,1147,776,618,1239,1273,-12146,-13337
3.05,-255,-253,-243,-243,-234,-243,-439,-421,-389,-236,-236,-3885,-4125,-4125,-3864,-4753,-4435,-4276,-3967,-3977,-3981,-4089,1186,1175,1092,1126,1145,771,613,1235,1277,-12104,-13296
3.05833,-254,-252,-242,-242,-234,-244,-443,-422,-388,-235,-236,-3896,-4123,-4123,-3872,-4777,-4442,-4281,-3971,-3979,-3985,-4094,1180,1171,1096,1129,1142,765,609,1232,1280,-12062,-13255
3.06667,-254,-252,-242,-242,-233,-246,-446,-423,-388,-235,-236,-3906,-4121,-4122,-3881,-4800,-4448,-4285,-3975,-3982,-3988,-4099,1175,1167,1100,1132,1138,760,605,1229,1282,-12020,-13214
3.075,-253,-251,-241,-241,-232,-247,-450,-424,-387,-235,-235,-3917,-4119,-4120,-3889,-4823,-4455,-4290,-3979,-3984,-3991,-4104,1170,1164,1104,1135,1135,755,601,1225,1285,-11978,-13172
3.08333,-252,-250,-240,-241,-231,-249,-454,-425,-387,-235,-235,-3928,-4117,-4118,-3899,-4846,-4461,-4294,-3983,-3986,-3994,-4108,1164,1159,1107,1139,1131,750,598,1221,1287,-11935,-13131
3.09167,-252,-250,-239,-240,-231,-251,-458,-426,-386,-234,-235,-3938,-4114,-4115,-3908,-4868,-4468,-4298,-3987,-3988,-3998,-4113,1159,1155,1111,1142,1127,745,594,1218,1289,-11893,-13090
3.1,-251,-249,-238,-240,-230,-253,-461,-427,-386,-234,-234,-3949,-4112,-4113,-3918,-4891,-4474,-4302,-3991,-3990,-4001,-4118,1154,1151,1114,1145,1123,740,590,1214,1290,-11851,-13049
3.10833,-250,-249,-238,-239,-229,-255,-465,-427,-385,-234,-234,-3959,-4109,-4110,-3928,-4913,-4480,-4306,-3995,-3993,-4004,-4123,1149,1146,1118,1148,1119,735,587,1210,1292,-11809,-13008
3.11667,-250,-248,-237,-239,-229,-257,-469,-428,-385,-233,-234,-3970,-4105,-4106,-3939,-4935,-4485,-4309,-3999,-3995,-4007,-4128,1144,1142,1121,1152,1114,730,583,1207,1292,-11767,-12967
3.125,-249,-247,-236,-239,-228,-259,-472,-429,-384,-233,-233,-3980,-4102,-4103,-3950,-4957,-4491,-4313,-4002,-3997,-4011,-4133,1139,1137,1124,1155,1109,725,580,1203,1293,-11725,-12925
3.13333,-248,-247,-235,-238,-227,-262,-476,-430,-384,-233,-233,-3991,-4098,-4099,-3962,-4978,-4496,-4316,-4006,-4000,-4014,-4137,1135,1132,1127,1159,1104,720,577,1199,1294,-11683,-12884
3.14167,-248,-246,-234,-238,-227,-264,-480,-431,-383,-232,-233,-4001,-4095,-4095,-3974,-4999,-4501,-4319,-4010,-4002,-4017,-4142,1130,1127,1130,1163,1098,715,574,1195,1294,-11641,-12843
3.15,-247,-245,-233,-238,-226,-267,-483,-432,-383,-232,-233,-4012,-4091,-4090,-3986,-5020,-4506,-4322,-4014,-4005,-4021,-4147,1126,1122,1133,1166,1092,711,571,1191,1294,-11599,-12802
3.15833,-246,-245,-232,-237,-226,-270,-487,-433,-382,-231,-232,-4022,-4086,-4085,-3999,-5041,-4511,-4325,-4018,-4007,-4024,-4152,1122,1117,1135,1170,1086,706,568,1187,1293,-11557,-12761
3.16667,-245,-244,-232,-237,-225,-272,-491,-433,-381,-231,-232,-4032,-4082,-4080,-4013,-5061,-4516,-4328,-4021,-4010,-4027,-4157,1118,1112,1137,1174,1080,701,565,1183,1293,-11516,-12720
3.175,-245,-243,-231,-237,-225,-275,-494,-434,-381,-231,-232,-4042,-4077,-4074,-4027,-5081,-4520,-4331,-4025,-4012,-4031,-4162,1114,1106,1140,1178,1074,696,562,1179,1292,-11474,-12679
3.18333,-244,-242,-230,-236,-224,-278,-498,-435,-380,-230,-231,-4051,-4072,-4069,-4041,-5101,-4524,-4333,-4029,-4015,-4034,-4166,1110,1101,1142,1182,1067,692,560,1175,1291,-11432,-12637
3.19167,-243,-242,-229,-236,-223,-282,-502,-436,-380,-230,-231,-4061,-4067,-4062,-4056,-5120,-4528,-4336,-4032,-4017,-4038,-4171,1107,1096,1143,1185,1060,687,557,1171,1289,-11390,-12596
3.2,-242,-241,-228,-236,-223,-285,-505,-436,-379,-230,-231,-4070,-4062,-4056,-4072,-5139,-4532,-4338,-4036,-4020,-4041,-4176,1103,1090,1145,1189,1053,683,555,1166,1288,-11348,-12555
3.20833,-242,-240,-227,-236,-222,-288,-509,-437,-378,-229,-230,-4079,-4056,-4049,-4088,-5157,-4536,-4340,-4039,-4023,-4045,-4181,1100,1085,1146,1192,1045,678,552,1162,1286,-11306,-12514
3.21667,-241,-240,-226,-235,-222,-292,-512,-438,-378,-229,-230,-4087,-4050,-4042,-4105,-5175,-4539,-4342,-4043,-4025,-4048,-4186,1096,1079,1148,1195,1038,674,550,1158,1284,-11264,-12473
3.225,-240,-239,-225,-235,-222,-295,-516,-438,-377,-229,-230,-4096,-4044,-4034,-4123,-5192,-4542,-4344,-4047,-4028,-4051,-4191,1093,1073,1149,1198,1030,670,548,1154,1282,-11223,-12432
3.23333,-239,-238,-225,-235,-221,-299,-519,-439,-376,-228,-229,-4104,-4038,-4026,-4141,-5209,-4545,-4346,-4050,-4031,-4055,-4196,1090,1068,1149,1201,1022,665,546,1149,1280,-11181,-12391
3.24167,-238,-237,-224,-234,-221,-302,-523,-440,-376,-228,-229,-4112,-4031,-4017,-4160,-5226,-4548,-4347,-4054,-4034,-4058,-4200,1087,1062,1150,1203,1014,661,544,1145,1277,-11139,-12349
3.25,-237,-236,-223,-234,-220,-306,-526,-440,-375,-228,-229,-4120,-4024,-4009,-4180,-5242,-4551,-4349,-4057,-4037,-4062,-4205,1084,1056,1150,1206,1006,657,542,1140,1274,-11097,-12308
3.25833,-237,-236,-222,-233,-220,-310,-530,-441,-374,-227,-229,-4127,-4017,-4000,-4200,-5257,-4553,-4350,-4060,-4039,-4066,-4210,1081,1051,1150,1207,998,653,541,1136,1271,-11056,-12267
3.26667,-236,-235,-221,-233,-220,-314,-533,-441,-374,-227,-228,-4135,-4010,-3991,-4221,-5272,-4555,-4351,-4064,-4042,-4069,-4215,1078,1045,1150,1209,989,649,539,1132,1268,-11014,-12226
3.275,-235,-234,-220,-232,-220,-318,-536,-442,-373,-226,-228,-4142,-4003,-3981,-4242,-5287,-4557,-4352,-4067,-4045,-4073,-4220,1075,1039,1150,1209,981,645,537,1127,1265,-10972,-12185
3.28333,-234,-233,-219,-232,-220,-322,-540,-442,-372,-226,-228,-4148,-3996,-3972,-4263,-5301,-4559,-4353,-4071,-4048,-4076,-4225,1072,1034,1149,1210,972,641,536,1123,1262,-10930,-12144
3.29167,-233,-232,-218,-231,-220,-326,-543,-443,-371,-226,-227,-4155,-3989,-3963,-4285,-5314,-4560,-4354,-4074,-4051,-4080,-4230,1069,1028,1148,1210,963,637,535,1118,1258,-10889,-12103
3.3,-232,-231,-217,-231,-220,-330,-546,-443,-371,-225,-227,-4161,-3982,-3955,-4308,-5327,-4562,-4354,-4077,-4054,-4083,-4235,1067,1023,1147,1209,954,633,534,1113,1254,-10847,-12061
3.30833,-231,-231,-216,-230,-220,-334,-549,-443,-370,-225,-227,-4167,-3976,-3947,-4330,-5339,-4563,-4355,-4081,-4057,-4087,-4239,1064,1017,1145,1208,945,629,532,1109,1250,-10805,-12020
3.31667,-230,-230,-215,-229,-220,-339,-553,-444,-369,-224,-226,-4173,-3970,-3939,-4353,-5351,-4563,-4355,-4084,-4060,-4091,-4244,1061,1012,1143,1207,936,626,531,1104,1246,-10764,-11979
3.325,-229,-229,-214,-228,-221,-343,-556,-444,-368,-224,-226,-4178,-3964,-3932,-4376,-5361,-4564,-4355,-4087,-4063,-4094,-4249,1058,1007,1141,1204,926,622,531,1100,1242,-10722,-11938
3.33333,-228,-228,-213,-227,-222,-347,-559,-444,-367,-224,-226,-4183,-3959,-3925,-4399,-5372,-4564,-4355,-4090,-4066,-4098,-4254,1055,1002,1138,1201,917,619,530,1095,1238,-10681,-11897
3.34167,-227,-227,-213,-226,-223,-352,-562,-445,-367,-223,-225,-4188,-3954,-3919,-4423,-5381,-4564,-4355,-4093,-4069,-4102,-4259,1052,996,1136,1198,908,616,529,1091,1233,-10639,-11856
3.35,-226,-226,-212,-225,-224,-356,-565,-445,-366,-223,-225,-4193,-3951,-3915,-4446,-5390,-4564,-4354,-4097,-4073,-4105,-4264,1049,991,1133,1193,898,612,529,1086,1228,-10598,-11815
3.35833,-225,-225,-211,-224,-225,-361,-568,-445,-365,-222,-225,-4197,-3947,-3911,-4470,-5398,-4563,-4354,-4100,-4076,-4109,-4269,1046,987,1129,1188,889,609,528,1081,1224,-10556,-11773
3.36667,-224,-224,-210,-223,-227,-365,-571,-445,-364,-222,-224,-4201,-3945,-3908,-4493,-5405,-4563,-4353,-4103,-4079,-4113,-4274,1042,982,1125,1182,879,606,528,1077,1219,-10515,-11732
3.375,-223,-223,-209,-221,-229,-370,-574,-446,-363,-222,-224,-4205,-3943,-3907,-4516,-5412,-4562,-4352,-4106,-4082,-4117,-4278,1039,977,1121,1175,870,603,527,1072,1214,-10473,-11691
3.38333,-222,-222,-208,-220,-231,-374,-577,-446,-362,-221,-224,-4208,-3943,-3907,-4539,-5418,-4561,-4351,-4109,-4085,-4120,-4283,1036,973,1117,1168,860,600,527,1067,1209,-10432,-11650
3.39167,-221,-221,-207,-219,-234,-379,-579,-446,-362,-221,-224,-4211,-3943,-3909,-4562,-5423,-4559,-4350,-4112,-4089,-4124,-4288,1032,968,1112,1159,851,597,527,1063,1204,-10390,-11609
3.4,-220,-220,-206,-217,-237,-383,-582,-446,-361,-220,-223,-4214,-3944,-3912,-4585,-5428,-4557,-4349,-4115,-4092,-4128,-4293,1029,964,1107,1150,841,595,527,1058,1198,-10349,-11568
3.40833,-219,-219,-205,-216,-241,-388,-585,-446,-360,-220,-223,-4216,-3947,-3916,-4607,-5431,-4555,-4348,-4118,-4095,-4132,-4298,1025,960,1101,1139,831,592,527,1053,1193,-10307,-11527
3.41667,-218,-218,-204,-214,-245,-393,-587,-446,-359,-220,-223,-4219,-3950,-3923,-4629,-5434,-4553,-4346,-4121,-4099,-4136,-4303,1021,956,1095,1128,822,590,528,1049,1188,-10266,-11485
3.425,-217,-217,-203,-212,-249,-397,-590,-446,-358,-219,-222,-4221,-3955,-3931,-4651,-5436,-4550,-4344,-4124,-4102,-4140,-4308,1017,952,1089,1115,812,587,528,1044,1182,-10224,-11444
3.43333,-216,-216,-202,-211,-254,-402,-592,-446,-357,-219,-222,-4222,-3962,-3941,-4672,-5437,-4548,-4342,-4127,-4105,-4143,-4313,1013,949,1082,1102,803,585,528,1040,1177,-10183,-11403
3.44167,-215,-215,-201,-209,-259,-407,-595,-446,-356,-218,-222,-4223,-3969,-3954,-4693,-5437,-4544,-4340,-4130,-4109,-4147,-4318,1009,946,1075,1088,793,583,529,1035,1171,-10142,-11362
3.45,-214,-214,-200,-207,-265,-411,-597,-446,-355,-218,-221,-4224,-3978,-3968,-4714,-5436,-4541,-4338,-4133,-4112,-4151,-4322,1004,942,1067,1072,784,581,530,1030,1165,-10100,-11321
3.45833,-213,-213,-199,-205,-271,-416,-600,-446,-354,-218,-221,-4225,-3989,-3985,-4733,-5434,-4537,-4335,-4136,-4116,-4155,-4327,1000,940,1060,1056,774,579,530,1026,1160,-10059,-11280
3.46667,-212,-212,-198,-203,-277,-421,-602,-445,-353,-217,-221,-4225,-4001,-4005,-4752,-5432,-4533,-4333,-4138,-4119,-4159,-4332,995,937,1051,1038,765,577,531,1021,1154,-10018,-11239
3.475,-211,-211,-197,-202,-284,-425,-604,-445,-352,-217,-220,-4225,-4015,-4027,-4771,-5428,-4529,-4330,-4141,-4123,-4163,-4337,990,934,1042,1020,756,575,532,1017,1148,-9976,-11197
3.48333,-210,-210,-196,-200,-292,-430,-606,-445,-351,-216,-220,-4225,-4031,-4052,-4789,-5424,-4525,-4327,-4144,-4126,-4167,-4342,985,932,1033,1001,747,573,533,1012,1142,-9935,-11156
3.49167,-208,-209,-195,-198,-300,-434,-608,-445,-350,-216,-220,-4224,-4049,-4080,-4806,-5419,-4520,-4324,-4147,-4130,-4171,-4347,979,930,1023,981,738,572,534,1008,1136,-9894,-11115
3.5,-207,-208,-194,-197,-308,-439,-610,-444,-349,-215,-219,-4223,-4069,-4112,-4822,-5412,-4515,-4321,-4150,-4134,-4175,-4352,973,929,1013,960,729,570,536,1003,1130,-9853,-11074
3.50833,-206,-207,-193,-195,-316,-444,-612,-444,-348,-215,-219,-4222,-4092,-4147,-4837,-5405,-4509,-4317,-4152,-4137,-4179,-4357,968,927,1003,938,720,569,537,999,1124,-9811,-11033
3.51667,-205,-206,-192,-194,-325,-448,-614,-444,-347,-214,-219,-4220,-4118,-4186,-4852,-5396,-4504,-4314,-4155,-4141,-4183,-4362,961,926,992,916,711,568,539,994,1118,-9770,-10992
3.525,-205,-205,-191,-193,-335,-453,-616,-443,-346,-214,-218,-4218,-4148,-4229,-4865,-5387,-4498,-4310,-4158,-4145,-4187,-4367,955,925,980,893,702,567,540,990,1112,-9729,-10951
3.53333,-204,-204,-190,-192,-344,-457,-617,-443,-345,-214,-218,-4216,-4182,-4276,-4878,-5376,-4491,-4306,-4160,-4148,-4191,-4372,949,925,968,869,694,566,542,986,1106,-9688,-10910
3.54167,-203,-203,-189,-191,-354,-462,-619,-442,-344,-213,-218,-4213,-4221,-4327,-4889,-5365,-4485,-4302,-4163,-4152,-4195,-4376,943,924,955,845,686,565,544,981,1100,-9647,-10868
3.55,-202,-203,-188,-191,-364,-466,-620,-442,-343,-213,-217,-4210,-4265,-4382,-4900,-5352,-4478,-4298,-4166,-4156,-4200,-4381,937,924,941,820,677,565,546,977,1094,-9606,-10827
3.55833,-201,-202,-186,-191,-375,-471,-622,-441,-342,-212,-217,-4206,-4313,-4440,-4909,-5338,-4471,-4293,-4168,-4160,-4204,-4386,931,925,926,794,669,564,548,973,1088,-9565,-10786
3.56667,-200,-201,-185,-191,-386,-475,-623,-441,-341,-212,-217,-4202,-4366,-4502,-4917,-5323,-4463,-4288,-4171,-4163,-4208,-4391,926,926,910,769,661,564,550,968,1082,-9523,-10745
3.575,-199,-200,-184,-192,-397,-479,-624,-440,-340,-211,-216,-4198,-4423,-4566,-4924,-5307,-4455,-4284,-4173,-4167,-4212,-4396,921,927,893,742,654,564,552,964,1076,-9482,-10704
3.58333,-198,-199,-183,-194,-408,-484,-626,-439,-338,-211,-216,-4194,-4484,-4633,-4930,-5290,-4447,-4279,-4176,-4171,-4216,-4401,916,928,874,716,646,564,554,960,1070,-9441,-10663
3.59167,-197,-198,-182,-196,-420,-488,-627,-439,-337,-210,-216,-4189,-4548,-4701,-4934,-5272,-4439,-4273,-4178,-4175,-4220,-4406,912,930,854,689,639,564,557,956,1064,-9400,-10622
3.6,-196,-198,-181,-199,-432,-492,-628,-438,-336,-210,-216,-4183,-4614,-4772,-4937,-5252,-4430,-4268,-4181,-4179,-4225,-4411,908,933,832,662,632,564,559,952,1058,-9359,-10580
3.60833,-195,-197,-180,-203,-444,-496,-629,-437,-335,-209,-215,-4177,-4683,-4844,-4938,-5232,-4421,-4263,-4183,-4183,-4229,-4416,903,935,809,635,625,564,562,948,1052,-9318,-10539
3.61667,-195,-196,-179,-207,-456,-500,-630,-436,-334,-209,-215,-4171,-4755,-4916,-4938,-5210,-4411,-4257,-4186,-4187,-4233,-4421,900,939,784,608,618,565,565,944,1046,-9277,-10498
3.625,-194,-195,-178,-213,-468,-504,-630,-435,-333,-209,-215,-4164,-4828,-4990,-4937,-5187,-4401,-4251,-4188,-4191,-4238,-4426,896,942,758,581,612,565,568,940,1040,-9236,-10457
3.63333,-193,-195,-177,-219,-480,-508,-631,-434,-331,-208,-214,-4158,-4902,-5064,-4934,-5162,-4391,-4245,-4190,-4195,-4242,-4431,893,946,730,553,605,566,571,937,1034,-9195,-10416
3.64167,-192,-194,-176,-227,-493,-512,-632,-434,-330,-208,-214,-4153,-4977,-5137,-4929,-5136,-4381,-4239,-4193,-4199,-4246,-4436,889,950,701,526,599,567,574,933,1028,-9155,-10375
3.65,-192,-193,-175,-235,-506,-516,-632,-433,-329,-207,-214,-4151,-5053,-5210,-4922,-5110,-4370,-4232,-4195,-4203,-4251,-4441,886,954,672,499,594,568,577,929,1022,-9114,-10334
3.65833,-191,-193,-174,-245,-518,-519,-632,-432,-328,-207,-213,-4154,-5128,-5283,-4914,-5081,-4359,-4226,-4197,-4207,-4255,-4445,884,957,641,472,588,569,580,925,1016,-9073,-10293
3.66667,-190,-192,-173,-255,-531,-523,-633,-430,-326,-206,-213,-4164,-5204,-5354,-4905,-5052,-4347,-4219,-4200,-4211,-4259,-4450,881,961,609,445,583,571,584,922,1010,-9032,-10251
3.675,-190,-191,-172,-267,-544,-527,-633,-429,-325,-206,-213,-4185,-5279,-5424,-4893,-5021,-4335,-4212,-4202,-4215,-4264,-4455,879,964,577,418,578,572,587,918,1004,-8991,-10210
3.68333,-189,-191,-171,-280,-557,-530,-633,-428,-324,-205,-212,-4220,-5352,-5492,-4880,-4989,-4323,-4205,-4204,-4219,-4268,-4460,877,967,544,392,573,574,591,915,999,-8950,-10169
3.69167,-188,-190,-170,-294,-570,-534,-633,-427,-322,-205,-212,-4274,-5425,-5558,-4864,-4955,-4310,-4197,-4207,-4223,-4273,-4465,875,969,510,366,569,576,595,911,993,-8909,-10128
3.7,-188,-190,-169,-308,-583,-537,-633,-426,-321,-204,-212,-4351,-5495,-5621,-4847,-4920,-4298,-4190,-4209,-4227,-4277,-4470,874,970,476,341,565,578,599,908,987,-8869,-10087
3.70833,-187,-189,-169,-324,-597,-540,-632,-425,-320,-204,-211,-4456,-5564,-5681,-4828,-4884,-4284,-4182,-4211,-4231,-4281,-4475,873,970,442,316,561,580,602,905,981,-8828,-10046
3.71667,-187,-189,-170,-341,-610,-543,-632,-423,-319,-203,-211,-4591,-5629,-5738,-4806,-4846,-4271,-4174,-4213,-4235,-4286,-4480,872,968,407,291,558,583,607,902,976,-8787,-10005
3.725,-186,-188,-171,-359,-623,-546,-632,-422,-317,-203,-211,-4758,-5692,-5792,-4783,-4807,-4257,-4166,-4216,-4240,-4290,-4485,871,964,372,267,555,585,611,898,970,-8746,-9964
3.73333,-186,-187,-172,-377,-636,-549,-631,-420,-316,-202,-210,-4953,-5751,-5841,-4757,-4766,-4242,-4158,-4218,-4244,-4295,-4490,871,957,337,244,552,588,615,895,965,-8706,-9922
3.74167,-186,-187,-175,-396,-649,-552,-630,-419,-314,-202,-210,-5174,-5806,-5887,-4729,-4724,-4228,-4149,-4220,-4248,-4300,-4495,871,946,302,221,550,591,619,892,959,-8665,-9881
3.75,-185,-186,-179,-416,-662,-554,-630,-418,-313,-201,-210,-5418,-5858,-5927,-4700,-4680,-4212,-4141,-4222,-4252,-4304,-4500,871,931,268,199,548,594,624,889,953,-8624,-9840
3.75833,-185,-185,-185,-436,-675,-557,-629,-416,-312,-201,-209,-5684,-5904,-5963,-4667,-4635,-4197,-4132,-4224,-4257,-4309,-4505,872,911,233,178,546,597,629,886,948,-8584,-9799
3.76667,-185,-184,-192,-458,-687,-559,-628,-414,-310,-200,-209,-5967,-5946,-5993,-4633,-4589,-4181,-4123,-4226,-4261,-4313,-4510,872,884,199,157,545,601,633,883,943,-8543,-9758
3.775,-184,-183,-200,-479,-700,-562,-626,-413,-309,-200,-209,-6266,-5982,-6017,-4596,-4540,-4165,-4114,-4229,-4265,-4318,-4515,874,849,166,138,544,605,638,881,937,-8502,-9717
3.78333,-184,-182,-211,-502,-712,-564,-625,-411,-307,-199,-208,-6578,-6013,-6035,-4556,-4491,-4148,-4104,-4231,-4270,-4323,-4520,875,805,133,119,543,608,643,878,932,-8462,-9676
3.79167,-184,-180,-224,-524,-725,-566,-624,-409,-306,-199,-208,-6901,-6037,-6047,-4515,-4440,-4131,-4095,-4233,-4274,-4327,-4525,878,752,100,101,543,612,648,875,927,-8421,-9635
3.8,-184,-179,-239,-548,-737,-568,-622,-408,-305,-198,-208,-7231,-6055,-6052,-4470,-4387,-4114,-4085,-4235,-4278,-4332,-4530,881,687,69,85,543,617,653,873,921,-8381,-9593
3.80833,-184,-177,-257,-571,-749,-570,-621,-406,-303,-198,-208,-7566,-6066,-6050,-4423,-4332,-4096,-4075,-4237,-4283,-4337,-4535,885,611,38,69,544,621,659,870,916,-8340,-9552
3.81667,-184,-176,-277,-595,-761,-572,-619,-404,-302,-197,-207,-7904,-6069,-6040,-4374,-4276,-4078,-4065,-4240,-4287,-4341,-4539,889,524,8,54,545,626,664,868,911,-8300,-9511
3.825,-185,-174,-299,-619,-773,-573,-617,-402,-300,-197,-207,-8242,-6065,-6023,-4322,-4219,-4060,-4056,-4242,-4292,-4346,-4544,894,427,-20,41,546,630,670,866,906,-8259,-9470
3.83333,-185,-171,-324,-644,-784,-575,-615,-400,-299,-196,-207,-8578,-6053,-5997,-4267,-4160,-4041,-4046,-4244,-4296,-4351,-4549,898,320,-48,29,548,635,675,863,901,-8219,-9429
3.84167,-186,-169,-351,-669,-795,-576,-613,-398,-297,-196,-206,-8908,-6032,-5963,-4209,-4099,-4022,-4036,-4246,-4301,-4356,-4554,899,205,-74,18,551,641,681,861,896,-8178,-9388
3.85,-187,-166,-380,-693,-806,-577,-610,-396,-296,-195,-206,-9230,-6002,-5920,-4149,-4036,-4003,-4025,-4249,-4305,-4360,-4559,896,83,-99,9,554,646,687,859,891,-8138,-9347
3.85833,-187,-164,-411,-718,-817,-578,-608,-394,-294,-195,-206,-9542,-5963,-5867,-4085,-3972,-3984,-4015,-4251,-4310,-4365,-4564,886,-46,-122,1,557,652,693,857,886,-8097,-9306
3.86667,-188,-161,-444,-744,-827,-579,-605,-392,-292,-194,-205,-9841,-5914,-5805,-4019,-3906,-3965,-4005,-4253,-4314,-4370,-4569,865,-181,-144,-6,561,657,699,855,881,-8057,-9265
3.875,-189,-157,-479,-769,-837,-579,-603,-390,-291,-194,-205,-10124,-5856,-5733,-3950,-3838,-3946,-3996,-4256,-4319,-4375,-4574,830,-321,-164,-11,565,663,705,853,877,-8017,-9223
3.88333,-189,-154,-515,-794,-847,-580,-600,-387,-289,-193,-205,-10389,-5786,-5650,-3878,-3769,-3927,-3986,-4258,-4323,-4380,-4579,775,-464,-182,-15,570,670,711,851,872,-7976,-9182
3.89167,-189,-151,-553,-819,-856,-580,-597,-385,-288,-193,-204,-10633,-5706,-5557,-3803,-3698,-3908,-3976,-4260,-4328,-4385,-4584,697,-610,-198,-17,575,676,718,850,867,-7936,-9141
3.9,-189,-148,-592,-844,-866,-580,-594,-383,-286,-192,-204,-10854,-5615,-5453,-3725,-3626,-3889,-3966,-4263,-4333,-4390,-4589,592,-759,-213,-17,581,683,724,848,863,-7896,-9100
3.90833,-189,-146,-632,-869,-874,-580,-590,-380,-284,-191,-204,-11048,-5512,-5337,-3643,-3552,-3870,-3957,-4265,-4337,-4394,-4594,456,-908,-225,-16,587,689,731,847,858,-7855,-9059
3.91667,-189,-145,-673,-893,-883,-580,-587,-378,-283,-191,-203,-11214,-5397,-5210,-3559,-3477,-3852,-3948,-4268,-4342,-4399,-4599,289,-1057,-235,-13,594,696,737,845,853,-7815,-9018
3.925,-188,-146,-715,-917,-891,-580,-584,-375,-281,-190,-203,-11349,-5270,-5070,-3471,-3401,-3834,-3939,-4270,-4347,-4404,-4604,94,-1206,-242,-8,601,704,744,844,849,-7775,-8977
3.93333,-187,-149,-759,-941,-898,-579,-580,-373,-280,-190,-203,-11450,-5129,-4918,-3381,-3324,-3816,-3930,-4273,-4351,-4409,-4609,-126,-1353,-248,-1,609,711,751,842,845,-7734,-8936
3.94167,-185,-156,-802,-965,-905,-579,-576,-370,-278,-189,-202,-11514,-4976,-4753,-3287,-3246,-3799,-3922,-4276,-4356,-4414,-4614,-368,-1497,-251,8,618,719,758,841,840,-7694,-8894
3.95,-183,-167,-847,-988,-912,-578,-572,-368,-276,-189,-202,-11540,-4809,-4575,-3191,-3167,-3783,-3913,-4278,-4361,-4419,-4619,-629,-1638,-251,18,627,727,766,840,836,-7654,-8853
3.95833,-180,-184,-892,-1011,-918,-577,-568,-365,-274,-188,-202,-11523,-4628,-4384,-3092,-3088,-3767,-3905,-4281,-4366,-4424,-4624,-906,-1774,-248,31,636,735,773,839,832,-7614,-8812
3.96667,-177,-207,-937,-1034,-924,-576,-564,-362,-273,-188,-201,-11463,-4433,-4178,-2990,-3008,-3751,-3898,-4284,-4371,-4429,-4629,-1196,-1905,-243,45,646,743,780,838,828,-7574,-8771
3.975,-172,-237,-982,-1056,-930,-574,-559,-359,-271,-187,-201,-11355,-4222,-3959,-2887,-2929,-3736,-3890,-4287,-4375,-4434,-4634,-1497,-2030,-235,62,657,752,788,837,823,-7534,-8730
3.98333,-168,-276,-1028,-1077,-934,-572,-555,-356,-269,-187,-201,-11198,-3997,-3724,-2781,-2849,-3721,-3883,-4289,-4380,-4439,-4639,-1804,-2147,-223,81,668,761,795,836,819,-7493,-8689
3.99167,-162,-325,-1073,-1098,-939,-571,-550,-353,-268,-186,-201,-10989,-3756,-3475,-2674,-2770,-3707,-3876,-4292,-4385,-4444,-4644,-2116,-2256,-209,102,680,770,803,836,815,-7453,-8648
4,-156,-383,-1119,-1118,-943,-569,-545,-350,-266,-185,-200,-10725,-3499,-3211,-2566,-2692,-3694,-3870,-4295,-4390,-4450,-4649,-2429,-2356,-191,125,693,779,811,835,811,-7413,-8607
4.00833,-151,-451,-1164,-1137,-946,-566,-540,-347,-264,-185,-200,-10404,-3226,-2930,-2457,-2614,-3680,-3863,-4298,-4395,-4455,-4654,-2741,-2446,-170,151,706,789,819,834,807,-7373,-8566
4.01667,-145,-528,-1209,-1155,-949,-564,-535,-344,-262,-184,-200,-10024,-2936,-2634,-2347,-2538,-3668,-3857,-4301,-4400,-4460,-4659,-3047,-2525,-146,179,720,799,827,834,804,-7333,-8524
4.025,-142,-613,-1253,-1173,-951,-561,-529,-341,-260,-184,-199,-9580,-2629,-2322,-2239,-2463,-3655,-3852,-4304,-4405,-4465,-4664,-3346,-2592,-118,209,734,809,835,833,800,-7293,-8483
4.03333,-141,-706,-1296,-1190,-952,-558,-524,-338,-259,-183,-199,-9072,-2304,-1992,-2131,-2390,-3644,-3846,-4307,-4410,-4470,-4669,-3634,-2647,-86,242,749,819,844,833,796,-7253,-8442
4.04167,-146,-807,-1339,-1206,-953,-555,-518,-335,-257,-182,-199,-8496,-1962,-1646,-2024,-2319,-3632,-3841,-4310,-4415,-4475,-4674,-3909,-2688,-51,278,765,829,852,833,792,-7213,-8401
4.05,-157,-913,-1381,-1221,-954,-552,-512,-331,-255,-182,-198,-7849,-1601,-1282,-1920,-2250,-3622,-3836,-4313,-4420,-4480,-4679,-4167,-2714,-11,316,781,840,861,832,789,-7173,-8360
4.05833,-179,-1025,-1422,-1235,-953,-548,-506,-328,-253,-181,-198,-7130,-1221,-900,-1818,-2183,-3611,-3831,-4316,-4425,-4486,-4684,-4405,-2725,32,356,798,851,869,832,785,-7133,-8319
4.06667,-213,-1143,-1462,-1248,-952,-545,-500,-325,-251,-181,-198,-6335,-823,-501,-1719,-2118,-3601,-3827,-4320,-4430,-4491,-4689,-4620,-2719,79,400,816,863,878,832,781,-7093,-8278
4.075,-263,-1265,-1500,-1260,-951,-541,-493,-321,-249,-180,-197,-5462,-405,-84,-1623,-2055,-3592,-3822,-4323,-4435,-4496,-4694,-4810,-2696,130,446,834,874,887,832,778,-7054,-8237
4.08333,-332,-1390,-1537,-1271,-948,-536,-487,-318,-247,-180,-197,-4508,30,348,-1530,-1995,-3583,-3818,-4326,-4440,-4501,-4699,-4972,-2654,186,495,854,886,896,832,774,-7014,-8196
4.09167,-421,-1518,-1573,-1281,-945,-532,-480,-314,-245,-179,-197,-3472,481,796,-1440,-1937,-3574,-3815,-4329,-4445,-4507,-4704,-5102,-2593,246,546,873,898,905,832,771,-6974,-8154
4.1,-532,-1649,-1607,-1289,-942,-527,-473,-310,-243,-178,-196,-2349,945,1254,-1353,-1881,-3566,-3811,-4333,-4450,-4512,-4709,-5197,-2512,310,601,894,910,914,832,768,-6934,-8113
4.10833,-662,-1782,-1639,-1297,-937,-522,-466,-307,-242,-178,-196,-1137,1416,1721,-1270,-1827,-3559,-3808,-4336,-4456,-4517,-4714,-5255,-2411,379,658,915,923,924,832,764,-6894,-8072
4.11667,-811,-1915,-1670,-1303,-932,-517,-459,-303,-240,-177,-196,165,1888,2192,-1189,-1776,-3552,-3805,-4340,-4461,-4523,-4719,-5273,-2287,453,719,937,935,933,832,761,-6854,-8031
4.125,-975,-2049,-1698,-1307,-926,-512,-451,-299,-238,-176,-195,1561,2355,2663,-1111,-1726,-3545,-3802,-4343,-4466,-4528,-4724,-5247,-2140,531,782,960,948,943,833,758,-6815,-7990
4.13333,-1153,-2183,-1724,-1310,-919,-506,-443,-295,-236,-176,-195,3054,2812,3128,-1036,-1679,-3539,-3800,-4347,-4471,-4533,-4729,-5174,-1969,615,849,983,962,952,833,755,-6775,-7949
4.14167,-1344,-2315,-1748,-1312,-912,-500,-436,-291,-234,-175,-195,4646,3256,3583,-965,-1634,-3533,-3798,-4350,-4476,-4539,-4734,-5052,-1774,703,918,1007,975,962,833,752,-6735,-7908
4.15,-1546,-2446,-1770,-1312,-904,-494,-428,-287,-232,-175,-194,6339,3685,4024,-896,-1590,-3527,-3796,-4354,-4482,-4544,-4739,-4878,-1553,796,991,1032,989,972,834,748,-6696,-7867
4.15833,-1756,-2574,-1789,-1311,-895,-487,-419,-283,-230,-174,-194,8136,4101,4450,-830,-1549,-3522,-3794,-4357,-4487,-4549,-4744,-4648,-1305,895,1067,1058,1003,981,834,745,-6656,-7826
4.16667,-1974,-2700,-1806,-1308,-885,-480,-411,-279,-228,-173,-194,10040,4503,4860,-766,-1510,-3518,-3793,-4361,-4492,-4555,-4749,-4360,-1030,998,1147,1084,1017,991,835,742,-6616,-7785
4.175,-2198,-2821,-1819,-1304,-874,-473,-402,-275,-225,-173,-193,12047,4892,5255,-706,-1473,-3514,-3792,-4365,-4498,-4560,-4754,-4011,-726,1108,1229,1111,1031,1001,836,740,-6577,-7743
4.18333,-2425,-2939,-1830,-1297,-862,-466,-394,-270,-223,-172,-193,14146,5266,5634,-648,-1438,-3510,-3791,-4369,-4503,-4566,-4759,-3598,-393,1222,1316,1138,1045,1011,836,737,-6537,-7702
4.19167,-2654,-3051,-1838,-1290,-850,-459,-385,-266,-221,-171,-193,16311,5628,5998,-594,-1405,-3507,-3790,-4372,-4508,-4571,-4764,-3117,-30,1343,1405,1166,1060,1022,837,734,-6497,-7661
4.2,-2883,-3157,-1843,-1280,-836,-451,-376,-262,-219,-171,-193,18507,5975,6346,-542,-1374,-3504,-3790,-4376,-4514,-4577,-4769,-2566,364,1468,1497,1195,1074,1032,838,731,-6458,-7620
4.20833,-3111,-3257,-1845,-1268,-822,-443,-366,-257,-217,-170,-192,20691,6310,6680,-493,-1345,-3501,-3790,-4380,-4519,-4582,-4774,-1941,791,1600,1593,1224,1089,1042,838,728,-6418,-7579
4.21667,-3336,-3350,-1843,-1255,-807,-434,-357,-253,-215,-169,-192,22821,6631,6999,-446,-1318,-3499,-3790,-4384,-4524,-4587,-4779,-1241,1251,1737,1691,1253,1104,1052,839,726,-6379,-7538
4.225,-3555,-3436,-1838,-1240,-790,-426,-347,-248,-213,-169,-192,24871,6939,7303,-403,-1292,-3498,-3790,-4388,-4530,-4593,-4784,-461,1744,1878,1791,1282,1119,1062,840,723,-6339,-7497
4.23333,-3768,-3512,-1829,-1223,-773,-417,-337,-243,-211,-168,-191,26840,7233,7592,-362,-1269,-3497,-3791,-4392,-4535,-4598,-4789,401,2273,2024,1892,1312,1134,1073,841,720,-6300,-7456
4.24167,-3972,-3580,-1817,-1203,-755,-407,-327,-239,-209,-167,-191,28728,7514,7866,-324,-1248,-3496,-3792,-4396,-4541,-4604,-4794,1348,2837,2172,1995,1342,1149,1083,842,718,-6260,-7415
4.25,-4166,-3638,-1800,-1182,-736,-398,-317,-234,-206,-167,-191,30536,7782,8126,-288,-1228,-3495,-3793,-4400,-4546,-4610,-4799,2383,3437,2323,2098,1372,1164,1093,843,715,-6221,-7374
4.25833,-4348,-3686,-1780,-1159,-716,-388,-306,-229,-204,-166,-190,32265,8037,8372,-255,-1210,-3495,-3794,-4405,-4552,-4615,-4804,3509,4071,2474,2201,1402,1179,1104,844,713,-6181,-7332
4.26667,-4516,-3722,-1755,-1133,-695,-378,-295,-224,-202,-165,-190,33914,8279,8604,-225,-1195,-3496,-3796,-4409,-4557,-4621,-4809,4730,4736,2627,2305,1432,1194,1114,845,710,-6142,-7291
4.275,-4668,-3747,-1727,-1106,-673,-367,-284,-219,-200,-165,-190,35484,8508,8821,-197,-1180,-3497,-3798,-4413,-4563,-4626,-4814,6047,5424,2781,2408,1463,1210,1125,846,708,-6103,-7250
4.28333,-4803,-3759,-1694,-1076,-649,-357,-273,-214,-197,-164,-189,36974,8724,9024,-172,-1168,-3498,-3800,-4417,-4569,-4632,-4819,7461,6128,2936,2512,1494,1225,1135,848,706,-6063,-7209
4.29167,-4919,-3758,-1656,-1044,-625,-346,-262,-209,-195,-163,-189,38386,8927,9214,-149,-1158,-3500,-3802,-4422,-4574,-4637,-4824,8961,6839,3091,2615,1525,1240,1145,849,703,-6024,-7168
4.3,-5014,-3743,-1614,-1009,-600,-334,-250,-204,-193,-162,-189,39719,9117,9390,-129,-1149,-3501,-3805,-4426,-4580,-4643,-4829,10528,7552,3247,2719,1556,1256,1156,850,701,-5985,-7127
4.30833,-5087,-3714,-1568,-973,-573,-322,-238,-199,-191,-162,-188,40975,9294,9552,-112,-1142,-3504,-3807,-4431,-4585,-4649,-4834,12136,8266,3404,2822,1587,1271,1166,851,699,-5945,-7086
4.31667,-5135,-3669,-1516,-933,-546,-310,-226,-193,-188,-161,-188,42152,9459,9700,-97,-1137,-3507,-3811,-4435,-4591,-4654,-4839,13754,8980,3561,2925,1618,1286,1177,853,697,-5906,-7045
4.325,-5157,-3609,-1459,-892,-517,-298,-214,-188,-186,-160,-188,43251,9611,9835,-84,-1133,-3510,-3814,-4440,-4597,-4660,-4844,15360,9694,3718,3027,1649,1302,1187,854,694,-5867,-7004
4.33333,-5151,-3532,-1398,-848,-487,-285,-202,-182,-184,-160,-187,44273,9750,9957,-74,-1132,-3513,-3817,-4444,-4602,-4666,-4849,16953,10405,3874,3129,1680,1317,1197,855,692,-5828,-6963
4.34167,-5116,-3438,-1331,-801,-456,-272,-189,-177,-181,-159,-187,45218,9877,10066,-67,-1131,-3517,-3821,-4449,-4608,-4671,-4854,18531,11115,4031,3231,1711,1333,1208,857,690,-5789,-6921
4.35,-5049,-3326,-1259,-751,-424,-259,-176,-171,-179,-158,-187,46086,9991,10161,-62,-1133,-3522,-3825,-4454,-4614,-4677,-4859,20092,11821,4188,3331,1742,1348,1218,858,688,-5749,-6880
4.35833,-4950,-3196,-1181,-700,-391,-245,-163,-166,-176,-157,-186,46878,10093,10244,-59,-1136,-3526,-3829,-4459,-4620,-4683,-4864,21635,12523,4344,3432,1773,1363,1228,860,686,-5710,-6839
4.36667,-4815,-3046,-1098,-645,-356,-231,-150,-160,-174,-157,-186,47593,10182,10314,-58,-1141,-3531,-3834,-4463,-4625,-4689,-4869,23159,13221,4499,3531,1804,1379,1239,861,684,-5671,-6798
4.375,-4644,-2877,-1009,-588,-321,-217,-136,-154,-172,-156,-186,48232,10259,10371,-60,-1148,-3537,-3838,-4468,-4631,-4694,-4874,24661,13913,4654,3630,1835,1394,1249,863,683,-5632,-6757
4.38333,-4434,-2687,-915,-527,-284,-202,-122,-148,-169,-155,-185,48795,10323,10415,-65,-1156,-3542,-3843,-4473,-4637,-4700,-4880,26140,14599,4808,3728,1866,1409,1259,864,681,-5593,-6716
4.39167,-4184,-2475,-814,-464,-245,-187,-108,-142,-167,-154,-185,49283,10376,10447,-71,-1165,-3548,-3849,-4478,-4643,-4706,-4885,27595,15277,4961,3825,1897,1424,1269,866,679,-5554,-6675
4.4,-3892,-2242,-707,-399,-206,-172,-94,-136,-164,-154,-185,49696,10416,10467,-80,-1176,-3555,-3854,-4483,-4649,-4712,-4890,29023,15948,5113,3921,1928,1439,1279,868,677,-5515,-6634
4.40833,-3557,-1987,-594,-330,-165,-156,-80,-130,-162,-153,-184,50033,10444,10474,-92,-1189,-3562,-3860,-4488,-4655,-4717,-4895,30424,16610,5263,4016,1958,1454,1289,869,675,-5476,-6593
4.41667,-3176,-1708,-475,-258,-123,-140,-65,-124,-159,-152,-184,50296,10460,10469,-105,-1203,-3569,-3865,-4493,-4661,-4723,-4900,31795,17263,5412,4110,1988,1469,1299,871,674,-5437,-6552
4.425,-2748,-1405,-349,-183,-80,-124,-50,-118,-157,-151,-184,50484,10463,10452,-121,-1219,-3576,-3872,-4498,-4666,-4729,-4905,33136,17905,5560,4203,2019,1484,1309,873,672,-5398,-6511
4.43333,-2271,-1077,-217,-105,-35,-107,-35,-112,-154,-151,-184,50599,10455,10424,-139,-1236,-3584,-3878,-4504,-4672,-4735,-4910,34444,18536,5705,4294,2048,1499,1319,874,671,-5359,-6469
4.44167,-1744,-725,-78,-25,11,-90,-20,-105,-151,-150,-183,50639,10435,10383,-159,-1255,-3593,-3884,-4509,-4678,-4741,-4915,35717,19156,5849,4384,2078,1513,1329,876,669,-5320,-6428
4.45,-1164,-346,67,59,58,-73,-5,-99,-149,-149,-183,50605,10403,10331,-181,-1275,-3601,-3891,-4514,-4684,-4746,-4920,36955,19762,5991,4473,2108,1528,1339,878,667,-5281,-6387
4.45833,-530,59,220,146,106,-55,11,-93,-146,-148,-183,50498,10359,10267,-206,-1297,-3610,-3898,-4520,-4690,-4752,-4925,38156,20355,6131,4560,2137,1542,1348,880,666,-5242,-6346
4.46667,160,492,379,236,156,-37,26,-86,-144,-148,-182,50319,10303,10192,-232,-1320,-3619,-3905,-4525,-4696,-4758,-4930,39318,20934,6268,4646,2166,1557,1358,882,665,-5203,-6305
4.475,908,952,544,328,206,-19,42,-80,-141,-147,-182,50066,10236,10106,-261,-1345,-3629,-3913,-4531,-4702,-4764,-4935,40439,21498,6403,4730,2194,1571,1367,883,663,-5165,-6264
4.48333,1715,1439,714,423,257,-1,58,-73,-139,-146,-182,49740,10157,10008,-292,-1371,-3639,-3921,-4536,-4708,-4770,-4940,41518,22046,6536,4812,2222,1585,1377,885,662,-5126,-6223
4.49167,2580,1950,888,520,309,18,74,-67,-136,-145,-181,49343,10066,9899,-325,-1398,-3649,-3929,-4542,-4714,-4776,-4945,42553,22577,6666,4892,2250,1599,1386,887,660,-5087,-6182
4.5,3491,2481,1066,619,361,37,89,-60,-133,-144,-181,48873,9964,9779,-359,-1426,-3660,-3937,-4547,-4720,-4782,-4950,43543,23091,6792,4971,2278,1613,1396,889,659,-5048,-6141
4.50833,4435,3032,1247,719,414,56,105,-54,-131,-144,-181,48332,9850,9649,-396,-1456,-3670,-3945,-4553,-4727,-4788,-4955,44486,23586,6916,5048,2305,1626,1405,891,658,-5009,-6100
4.51667,5410,3599,1432,821,468,74,122,-47,-128,-143,-180,47719,9725,9507,-435,-1488,-3682,-3954,-4559,-4733,-4794,-4960,45380,24062,7037,5123,2332,1640,1414,893,657,-4971,-6059
4.525,6411,4181,1618,925,522,94,138,-41,-125,-142,-180,47035,9588,9356,-476,-1520,-3693,-3962,-4565,-4739,-4800,-4965,46225,24519,7154,5195,2358,1653,1423,895,656,-4932,-6018
4.53333,7435,4776,1807,1029,577,113,154,-34,-123,-141,-180,46279,9440,9193,-519,-1554,-3705,-3971,-4571,-4745,-4806,-4970,47017,24955,7268,5266,2384,1666,1432,897,654,-4893,-5976
4.54167,8478,5382,1998,1135,632,132,170,-27,-120,-140,-179,45454,9280,9020,-564,-1589,-3717,-3981,-4577,-4751,-4812,-4975,47756,25369,7379,5335,2409,1679,1440,899,653,-4855,-5935
4.55,9537,5997,2190,1242,687,151,186,-21,-118,-140,-179,44557,9110,8837,-611,-1626,-3730,-3990,-4583,-4757,-4818,-4980,48440,25762,7485,5401,2434,1692,1449,901,652,-4816,-5894
4.55833,10608,6620,2384,1349,742,171,202,-14,-115,-139,-179,43591,8928,8644,-660,-1663,-3743,-4000,-4589,-4763,-4823,-4985,49068,26131,7588,5465,2459,1704,1457,903,651,-4777,-5853
4.56667,11687,7249,2578,1457,798,190,218,-8,-112,-138,-178,42555,8735,8441,-710,-1702,-3756,-4010,-4595,-4770,-4829,-4991,49637,26476,7687,5526,2482,1717,1466,905,650,-4739,-5812
4.575,12771,7881,2772,1565,853,210,234,-1,-110,-137,-178,41449,8531,8228,-763,-1742,-3769,-4020,-4601,-4776,-4836,-4996,50147,26797,7782,5585,2506,1729,1474,907,649,-4700,-5771
4.58333,13856,8514,2966,1673,908,229,250,6,-107,-137,-178,40273,8315,8005,-817,-1783,-3783,-4030,-4607,-4782,-4842,-5001,50596,27092,7872,5642,2529,1741,1482,909,648,-4662,-5730
4.59167,14939,9148,3160,1781,964,249,266,12,-105,-136,-177,39029,8089,7772,-873,-1826,-3797,-4041,-4613,-4788,-4848,-5006,50981,27361,7958,5695,2551,1752,1490,911,647,-4623,-5689
4.6,16015,9780,3352,1889,1019,268,282,19,-102,-135,-177,37716,7852,7530,-931,-1869,-3811,-4051,-4620,-4795,-4854,-5011,51302,27603,8039,5747,2573,1764,1498,913,647,-4585,-5648
4.60833,17083,10408,3544,1996,1074,288,298,25,-99,-134,-177,36334,7604,7278,-991,-1914,-3826,-4062,-4626,-4801,-4860,-5016,51556,27817,8116,5795,2594,1775,1506,915,646,-4546,-5607
4.61667,18136,11030,3734,2103,1128,307,313,32,-97,-133,-176,34884,7345,7017,-1053,-1960,-3841,-4074,-4633,-4807,-4866,-5021,51743,28003,8188,5841,2614,1786,1513,917,645,-4508,-5566
4.625,19173,11644,3921,2208,1182,326,329,38,-94,-133,-176,33366,7076,6747,-1116,-2007,-3856,-4085,-4639,-4814,-4872,-5026,51861,28159,8254,5883,2634,1797,1521,919,644,-4470,-5525
4.63333,20190,12249,4107,2313,1236,345,344,45,-92,-132,-176,31780,6795,6468,-1181,-2055,-3871,-4097,-4646,-4820,-4878,-5031,51908,28285,8316,5923,2653,1807,1528,921,644,-4431,-5483
4.64167,21183,12843,4289,2417,1289,364,360,51,-89,-131,-175,30127,6504,6180,-1248,-2104,-3887,-4108,-4652,-4826,-4884,-5036,51882,28380,8372,5960,2671,1817,1535,923,643,-4393,-5442
4.65,22148,13423,4468,2519,1341,383,375,58,-86,-130,-175,28407,6202,5883,-1316,-2154,-3903,-4120,-4659,-4833,-4890,-5041,51781,28443,8423,5993,2689,1827,1542,925,642,-4354,-5401
4.65833,23082,13988,4644,2620,1393,402,390,64,-84,-130,-175,26619,5890,5577,-1386,-2205,-3919,-4133,-4666,-4839,-4896,-5046,51606,28473,8468,6024,2706,1837,1549,927,642,-4316,-5360
4.66667,23980,14536,4816,2719,1444,420,405,70,-81,-129,-174,24765,5567,5262,-1458,-2257,-3936,-4145,-4673,-4846,-4902,-5051,51352,28470,8508,6051,2722,1846,1555,929,641,-4278,-5319
4.675,24841,15066,4983,2816,1494,439,419,76,-79,-128,-174,22845,5234,4939,-1531,-2310,-3953,-4158,-4679,-4852,-4908,-5056,51020,28433,8541,6075,2737,1855,1562,931,640,-4240,-5278
4.68333,25660,15574,5146,2911,1544,457,434,83,-76,-127,-174,20858,4891,4608,-1606,-2364,-3970,-4171,-4686,-4859,-4915,-5061,50607,28361,8569,6095,2752,1864,1568,933,640,-4201,-5237
4.69167,26432,16060,5303,3004,1592,475,448,89,-74,-126,-173,18806,4536,4268,-1682,-2419,-3987,-4184,-4693,-4865,-4921,-5066,50112,28253,8591,6113,2766,1873,1574,935,639,-4163,-5196
4.7,27156,16521,5455,3094,1639,492,462,95,-71,-126,-173,16688,4172,3920,-1760,-2475,-4005,-4197,-4700,-4872,-4927,-5072,49534,28109,8606,6126,2779,1881,1580,937,639,-4125,-5155
4.70833,27827,16956,5601,3181,1685,510,476,101,-69,-125,-173,14532,3798,3565,-1840,-2532,-4023,-4210,-4708,-4878,-4933,-5077,48870,27927,8614,6136,2791,1888,1586,939,639,-4087,-5114
4.71667,28441,17363,5741,3266,1730,527,490,107,-67,-124,-172,12376,3413,3201,-1921,-2590,-4041,-4224,-4715,-4885,-4939,-5082,48119,27707,8617,6142,2802,1896,1591,941,638,-4049,-5073
4.725,28996,17739,5874,3348,1774,544,503,113,-64,-123,-172,10262,3018,2829,-2004,-2649,-4060,-4238,-4722,-4891,-4945,-5087,47279,27448,8612,6145,2813,1903,1597,943,638,-4011,-5032
4.73333,29487,18084,6000,3426,1816,560,516,119,-62,-123,-172,8221,2613,2450,-2088,-2709,-4078,-4252,-4729,-4898,-4952,-5092,46349,27149,8601,6144,2822,1910,1602,945,637,-3972,-4991
4.74167,29910,18394,6119,3501,1857,577,529,124,-59,-122,-171,6270,2198,2063,-2173,-2769,-4097,-4266,-4737,-4904,-4958,-5097,45328,26810,8582,6138,2831,1916,1607,947,637,-3934,-4950
4.75,30263,18669,6230,3572,1896,593,542,130,-57,-121,-171,4416,1773,1669,-2260,-2830,-4116,-4281,-4744,-4911,-4964,-5102,44213,26429,8556,6129,2838,1922,1611,949,637,-3896,-4908
4.75833,30541,18906,6332,3640,1934,608,554,136,-55,-120,-171,2658,1338,1267,-2349,-2892,-4136,-4295,-4752,-4918,-4970,-5107,43003,26006,8523,6116,2845,1928,1616,951,637,-3858,-4867
4.76667,30741,19103,6426,3704,1971,623,566,141,-52,-120,-170,991,893,858,-2439,-2955,-4156,-4310,-4759,-4924,-4976,-5112,41696,25541,8483,6099,2851,1933,1620,953,636,-3820,-4826
4.775,30860,19259,6511,3763,2005,638,578,147,-50,-119,-170,-585,438,444,-2530,-3019,-4176,-4325,-4767,-4931,-4983,-5117,40292,25031,8435,6078,2856,1938,1624,955,636,-3782,-4785
4.78333,30893,19372,6587,3819,2038,652,589,152,-48,-118,-170,-2075,-23,28,-2622,-3084,-4196,-4341,-4775,-4938,-4989,-5122,38787,24477,8379,6052,2859,1943,1628,957,636,-3744,-4744
4.79167,30838,19439,6652,3869,2069,666,600,157,-46,-118,-169,-3478,-486,-388,-2716,-3149,-4216,-4356,-4782,-4944,-4995,-5127,37182,23878,8316,6022,2862,1947,1631,959,636,-3706,-4703
4.8,30690,19460,6708,3915,2098,680,611,162,-43,-117,-169,-4798,-944,-799,-2811,-3215,-4237,-4372,-4790,-4951,-5001,-5132,35473,23232,8244,5988,2863,1951,1635,961,636,-3669,-4662
4.80833,30446,19431,6753,3956,2125,693,621,167,-41,-116,-169,-6036,-1393,-1201,-2908,-3282,-4258,-4388,-4798,-4958,-5008,-5138,33660,22539,8164,5949,2864,1954,1638,963,636,-3631,-4621
4.81667,30102,19352,6787,3993,2149,705,631,172,-39,-115,-169,-7195,-1830,-1593,-3006,-3349,-4279,-4404,-4806,-4965,-5014,-5143,31740,21799,8076,5906,2863,1957,1641,965,636,-3593,-4580
4.825,29655,19220,6810,4023,2172,717,640,177,-37,-115,-168,-8276,-2251,-1973,-3105,-3417,-4300,-4420,-4814,-4971,-5020,-5148,29713,21010,7980,5858,2862,1959,1644,967,636,-3555,-4539
4.83333,29102,19033,6822,4049,2193,729,649,182,-35,-114,-168,-9281,-2656,-2338,-3205,-3486,-4322,-4436,-4822,-4978,-5027,-5153,27576,20172,7874,5806,2859,1961,1646,969,636,-3517,-4498
4.84167,28438,18790,6821,4069,2211,740,658,186,-33,-113,-168,-10212,-3043,-2687,-3306,-3555,-4344,-4453,-4830,-4985,-5033,-5158,25360,19284,7760,5749,2855,1963,1648,970,636,-3479,-4457
4.85,27659,18488,6807,4083,2227,750,667,191,-31,-113,-167,-11071,-3414,-3021,-3408,-3625,-4366,-4470,-4839,-4992,-5039,-5163,23111,18345,7638,5687,2850,1964,1650,972,636,-3442,-4416
4.85833,26764,18126,6781,4091,2240,760,674,195,-29,-112,-167,-11861,-3768,-3339,-3510,-3696,-4388,-4487,-4847,-4999,-5046,-5168,20875,17354,7506,5620,2843,1965,1652,974,636,-3404,-4375
4.86667,25747,17702,6742,4092,2251,769,682,200,-27,-111,-167,-12583,-4106,-3643,-3612,-3766,-4410,-4504,-4855,-5005,-5052,-5173,18694,16311,7365,5548,2836,1965,1653,976,636,-3366,-4334
4.875,24605,17215,6689,4088,2260,778,689,204,-25,-111,-166,-13238,-4428,-3931,-3713,-3837,-4433,-4522,-4864,-5012,-5058,-5178,16592,15223,7215,5472,2827,1965,1654,977,636,-3329,-4292
4.88333,23334,16661,6622,4077,2265,786,695,208,-23,-110,-166,-13830,-4735,-4204,-3813,-3908,-4456,-4539,-4872,-5019,-5065,-5183,14586,14106,7055,5390,2817,1964,1655,979,637,-3291,-4251
4.89167,21932,16039,6541,4059,2268,793,701,211,-21,-109,-166,-14360,-5026,-4463,-3911,-3978,-4479,-4557,-4881,-5026,-5071,-5188,12678,12977,6886,5303,2806,1963,1656,981,637,-3253,-4210
4.9,20394,15348,6444,4034,2269,800,707,215,-19,-109,-165,-14830,-5302,-4708,-4007,-4048,-4502,-4575,-4890,-5033,-5077,-5193,10867,11853,6706,5211,2793,1962,1656,983,637,-3216,-4169
4.90833,18716,14586,6333,4003,2266,806,712,219,-17,-108,-165,-15242,-5563,-4939,-4101,-4117,-4526,-4593,-4898,-5040,-5084,-5199,9151,10748,6518,5113,2779,1959,1656,984,637,-3178,-4128
4.91667,16939,13750,6206,3964,2260,811,717,222,-16,-107,-165,-15598,-5810,-5157,-4193,-4185,-4549,-4611,-4907,-5047,-5090,-5204,7527,9674,6319,5011,2764,1957,1656,986,638,-3141,-4087
4.925,15123,12839,6063,3917,2252,816,721,225,-14,-107,-164,-15899,-6043,-5361,-4281,-4253,-4573,-4630,-4916,-5054,-5096,-5209,5994,8637,6109,4902,2747,1954,1655,987,638,-3103,-4046
4.93333,13327,11862,5904,3863,2240,820,724,229,-12,-106,-164,-16149,-6262,-5553,-4368,-4319,-4597,-4648,-4925,-5061,-5103,-5214,4550,7642,5890,4789,2729,1950,1654,989,638,-3066,-4005
4.94167,11591,10840,5728,3801,2225,823,727,232,-11,-105,-164,-16348,-6468,-5732,-4451,-4384,-4621,-4667,-4934,-5068,-5109,-5219,3192,6689,5660,4670,2710,1946,1653,990,639,-3028,-3964
4.95,9936,9795,5535,3731,2207,826,729,234,-9,-105,-163,-16500,-6661,-5899,-4532,-4448,-4645,-4686,-4943,-5075,-5116,-5224,1918,5778,5421,4545,2689,1941,1652,992,639,-2991,-3923
4.95833,8368,8749,5325,3653,2186,827,731,237,-7,-104,-163,-16605,-6840,-6055,-4611,-4510,-4670,-4705,-4952,-5082,-5122,-5229,726,4907,5174,4414,2667,1936,1650,993,640,-2953,-3882
4.96667,6886,7722,5097,3566,2161,828,733,239,-6,-104,-163,-16666,-7008,-6198,-4687,-4571,-4694,-4724,-4961,-5089,-5128,-5234,-385,4077,4923,4278,2644,1930,1648,995,640,-2916,-3841
4.975,5487,6725,4850,3471,2133,828,733,242,-5,-103,-162,-16685,-7162,-6331,-4760,-4631,-4718,-4743,-4971,-5096,-5135,-5239,-1419,3285,4669,4138,2619,1924,1645,996,640,-2879,-3800
4.98333,4170,5769,4587,3367,2101,828,733,244,-3,-103,-162,-16664,-7305,-6453,-4831,-4689,-4742,-4762,-4980,-5103,-5141,-5244,-2376,2533,4416,3993,2592,1917,1643,998,641,-2841,-3759
4.99167,2932,4854,4310,3254,2066,826,733,246,-2,-102,-162,-16604,-7437,-6564,-4899,-4746,-4766,-4781,-4989,-5110,-5148,-5249,-3260,1818,4166,3847,2564,1909,1640,999,641,-2804,-3718
5,1772,3983,4024,3133,2027,823,731,248,0,-101,-161,-16508,-7557,-6664,-4965,-4801,-4790,-4801,-4999,-5117,-5154,-5255,-4072,1140,3920,3699,2535,1901,1636,1000,642,-2767,-3677
5.00833,687,3153,3733,3004,1984,820,730,249,1,-101,-161,-16377,-7666,-6755,-5029,-4855,-4813,-4820,-5009,-5124,-5161,-5260,-4814,498,3681,3550,2503,1893,1633,1002,643,-2729,-3636
5.01667,-324,2363,3442,2869,1938,816,727,251,2,-100,-161,-16215,-7764,-6836,-5090,-4908,-4837,-4839,-5018,-5131,-5167,-5265,-5489,-108,3449,3402,2471,1883,1629,1003,643,-2692,-3594
5.025,-1264,1611,3155,2729,1888,811,724,252,3,-100,-160,-16022,-7852,-6908,-5150,-4959,-4860,-4858,-5028,-5139,-5173,-5270,-6098,-680,3226,3256,2437,1874,1625,1004,644,-2655,-3553
5.03333,-2133,897,2873,2585,1834,805,720,253,4,-99,-160,-15800,-7929,-6971,-5206,-5009,-4883,-4876,-5038,-5146,-5180,-5275,-6643,-1217,3011,3113,2401,1863,1620,1005,644,-2618,-3512
5.04167,-2936,221,2601,2441,1777,798,716,254,5,-99,-160,-15552,-7997,-7025,-5261,-5058,-4905,-4895,-5047,-5153,-5186,-5280,-7127,-1721,2805,2972,2364,1852,1615,1006,645,-2581,-3471
5.05,-3672,-419,2338,2295,1717,790,710,254,6,-98,-159,-15280,-8056,-7070,-5313,-5106,-4928,-4914,-5057,-5160,-5193,-5285,-7552,-2193,2608,2835,2325,1841,1610,1007,646,-2543,-3430
5.05833,-4345,-1023,2086,2151,1655,781,705,255,7,-98,-159,-14985,-8105,-7108,-5364,-5152,-4950,-4932,-5067,-5167,-5199,-5290,-7919,-2632,2420,2702,2285,1828,1604,1008,646,-2506,-3389
5.06667,-4956,-1592,1846,2009,1591,771,698,255,8,-97,-159,-14669,-8145,-7138,-5412,-5197,-4971,-4951,-5077,-5175,-5206,-5295,-8232,-3041,2240,2573,2245,1815,1598,1009,647,-2469,-3348
5.075,-5507,-2127,1616,1870,1525,760,691,255,9,-97,-158,-14335,-8177,-7160,-5458,-5240,-4993,-4969,-5087,-5182,-5212,-5300,-8491,-3420,2068,2449,2204,1802,1591,1010,648,-2432,-3307
5.08333,-6000,-2629,1396,1734,1458,748,683,255,10,-96,-158,-13985,-8201,-7176,-5502,-5283,-5014,-4987,-5097,-5189,-5219,-5305,-8700,-3769,1905,2329,2162,1788,1585,1011,649,-2395,-3266
5.09167,-6437,-3098,1187,1603,1390,735,674,255,11,-96,-158,-13620,-8216,-7184,-5545,-5324,-5034,-5005,-5107,-5196,-5225,-5311,-8859,-4089,1749,2214,2119,1773,1577,1012,649,-2358,-3225
5.1,-6821,-3535,988,1475,1322,721,664,254,11,-95,-158,-13242,-8224,-7186,-5585,-5364,-5054,-5023,-5117,-5204,-5232,-5316,-8972,-4381,1601,2102,2077,1758,1570,1013,650,-2321,-3184
5.10833,-7152,-3941,799,1352,1254,706,654,253,12,-95,-157,-12853,-8225,-7182,-5623,-5403,-5074,-5040,-5127,-5211,-5238,-5321,-9040,-4646,1461,1995,2034,1742,1562,1014,651,-2284,-3143
5.11667,-7433,-4316,620,1234,1186,690,644,252,12,-95,-157,-12456,-8218,-7172,-5659,-5440,-5094,-5057,-5137,-5218,-5245,-5326,-9065,-4885,1328,1892,1992,1725,1554,1014,652,-2247,-3102
5.125,-7666,-4662,450,1119,1119,673,632,251,13,-94,-157,-12052,-8205,-7156,-5694,-5477,-5113,-5074,-5147,-5226,-5251,-5331,-9050,-5097,1202,1793,1949,1708,1545,1015,653,-2210,-3061
5.13333,-7854,-4979,290,1009,1053,655,620,249,13,-94,-156,-11644,-8185,-7135,-5727,-5512,-5132,-5091,-5157,-5233,-5258,-5336,-8996,-5285,1084,1698,1908,1690,1536,1015,654,-2173,-3020
5.14167,-7997,-5268,138,903,987,637,608,247,14,-93,-156,-11232,-8159,-7109,-5758,-5546,-5150,-5108,-5167,-5240,-5264,-5341,-8906,-5449,972,1607,1866,1672,1527,1016,655,-2137,-2979
5.15,-8098,-5530,-4,800,923,618,595,245,14,-93,-156,-10820,-8128,-7079,-5787,-5579,-5169,-5124,-5177,-5248,-5271,-5346,-8782,-5589,867,1520,1826,1654,1517,1017,655,-2100,-2938
5.15833,-8158,-5765,-138,702,860,598,582,243,14,-93,-155,-10409,-8090,-7044,-5815,-5611,-5186,-5141,-5187,-5255,-5277,-5351,-8625,-5706,769,1436,1786,1635,1507,1017,656,-2063,-2897
5.16667,-8181,-5974,-263,608,799,578,568,241,15,-92,-155,-10001,-8048,-7005,-5841,-5642,-5204,-5156,-5198,-5263,-5284,-5357,-8438,-5801,678,1356,1747,1616,1497,1017,657,-2026,-2856
5.175,-8167,-6159,-380,517,739,558,554,238,15,-92,-155,-9599,-8001,-6963,-5865,-5671,-5221,-5172,-5208,-5270,-5291,-5362,-8223,-5875,592,1280,1708,1597,1486,1018,658,-1989,-2815
5.18333,-8119,-6319,-489,430,681,537,540,235,15,-92,-154,-9203,-7949,-6917,-5888,-5700,-5238,-5188,-5218,-5277,-5297,-5367,-7982,-5929,513,1208,1671,1578,1475,1018,659,-1953,-2773
5.19167,-8038,-6455,-590,347,624,516,525,232,15,-91,-154,-8817,-7893,-6869,-5909,-5727,-5255,-5203,-5227,-5285,-5304,-5372,-7718,-5963,440,1139,1634,1558,1464,1018,660,-1916,-2732
5.2,-7927,-6569,-684,268,568,494,510,228,15,-91,-154,-8441,-7832,-6817,-5928,-5754,-5271,-5218,-5237,-5292,-5310,-5377,-7431,-5977,373,1073,1598,1538,1453,1018,661,-1879,-2691
5.20833,-7788,-6661,-770,192,515,473,495,225,14,-91,-153,-8079,-7768,-6763,-5947,-5780,-5287,-5233,-5247,-5300,-5317,-5382,-7125,-5974,311,1010,1563,1519,1441,1019,662,-1843,-2650
5.21667,-7622,-6732,-848,119,463,451,480,221,14,-90,-153,-7732,-7701,-6707,-5963,-5804,-5302,-5247,-5257,-5307,-5323,-5387,-6801,-5953,255,951,1529,1499,1429,1019,663,-1806,-2609
5.225,-7432,-6782,-920,50,412,430,464,217,14,-90,-153,-7401,-7631,-6649,-5979,-5828,-5317,-5262,-5267,-5315,-5330,-5392,-6461,-5915,204,896,1495,1479,1417,1019,665,-1770,-2568
5.23333,-7219,-6812,-985,-16,363,408,449,213,14,-90,-152,-7090,-7558,-6590,-5993,-5850,-5332,-5276,-5277,-5322,-5336,-5397,-6108,-5862,158,843,1463,1460,1405,1019,666,-1733,-2527
5.24167,-6985,-6824,-1044,-78,315,387,433,208,13,-90,-152,-6799,-7482,-6530,-6006,-5872,-5347,-5290,-5286,-5329,-5343,-5403,-5744,-5793,117,793,1431,1441,1393,1018,667,-1697,-2486
5.25,-6733,-6818,-1095,-137,269,366,418,204,13,-89,-152,-6531,-7404,-6469,-6017,-5892,-5361,-5304,-5296,-5337,-5350,-5408,-5370,-5709,81,747,1400,1421,1380,1018,668,-1660,-2445
5.25833,-6465,-6794,-1141,-193,224,345,402,199,12,-89,-151,-6288,-7325,-6407,-6027,-5912,-5375,-5317,-5306,-5344,-5356,-5413,-4989,-5612,50,703,1370,1402,1368,1018,669,-1624,-2404
5.26667,-6181,-6753,-1181,-246,181,324,386,194,11,-89,-151,-6073,-7244,-6345,-6036,-5931,-5389,-5331,-5315,-5352,-5363,-5418,-4603,-5502,23,662,1341,1383,1355,1018,670,-1587,-2363
5.275,-5885,-6697,-1215,-296,139,303,371,189,11,-89,-151,-5885,-7161,-6283,-6044,-5949,-5403,-5344,-5325,-5359,-5369,-5423,-4213,-5380,1,624,1312,1365,1343,1017,671,-1551,-2322
5.28333,-5579,-6626,-1243,-343,98,283,355,184,10,-89,-151,-5729,-7078,-6222,-6050,-5966,-5416,-5357,-5334,-5367,-5376,-5428,-3823,-5246,-17,589,1285,1347,1330,1017,673,-1514,-2281
5.29167,-5263,-6540,-1267,-387,59,263,340,178,9,-88,-150,-5605,-6994,-6161,-6056,-5982,-5429,-5369,-5344,-5374,-5383,-5433,-3434,-5102,-31,556,1258,1328,1317,1016,674,-1478,-2240
5.3,-4941,-6441,-1285,-428,21,243,325,173,8,-88,-150,-5513,-6910,-6102,-6060,-5997,-5441,-5382,-5353,-5382,-5389,-5438,-3048,-4947,-41,526,1231,1311,1304,1016,675,-1442,-2199
5.30833,-4613,-6329,-1298,-466,-16,224,310,167,7,-88,-150,-5449,-6825,-6044,-6064,-6011,-5454,-5394,-5362,-5389,-5396,-5443,-2667,-4784,-48,498,1206,1293,1291,1015,676,-1405,-2158
5.31667,-4283,-6205,-1306,-502,-51,205,294,162,6,-88,-149,-5408,-6741,-5987,-6066,-6025,-5466,-5406,-5371,-5396,-5402,-5449,-2294,-4611,-50,473,1181,1276,1279,1015,678,-1369,-2117
5.325,-3952,-6070,-1310,-535,-85,187,280,156,5,-88,-149,-5386,-6658,-5933,-6068,-6038,-5478,-5418,-5381,-5404,-5409,-5454,-1930,-4432,-50,451,1157,1259,1266,1014,679,-1333,-2076
5.33333,-3622,-5924,-1309,-566,-117,169,265,150,3,-88,-149,-5379,-6575,-5880,-6068,-6050,-5489,-5430,-5390,-5411,-5416,-5459,-1577,-4245,-46,430,1134,1243,1253,1013,680,-1297,-2035
5.34167,-3295,-5769,-1305,-593,-149,151,250,144,2,-88,-148,-5381,-6494,-5831,-6068,-6061,-5500,-5442,-5399,-5419,-5422,-5464,-1239,-4052,-39,412,1111,1227,1240,1012,681,-1260,-1994
5.35,-2973,-5604,-1296,-619,-179,134,236,138,1,-88,-148,-5391,-6414,-5784,-6067,-6071,-5511,-5453,-5408,-5426,-5429,-5469,-915,-3853,-30,396,1089,1211,1228,1011,683,-1224,-1953
5.35833,-2657,-5432,-1284,-642,-208,117,222,132,-1,-88,-148,-5405,-6336,-5741,-6065,-6081,-5522,-5464,-5417,-5433,-5435,-5474,-610,-3650,-17,382,1068,1195,1215,1010,684,-1188,-1912
5.36667,-2351,-5252,-1268,-663,-235,101,208,125,-2,-88,-147,-5421,-6260,-5701,-6062,-6090,-5533,-5475,-5425,-5441,-5442,-5479,-324,-3443,-2,370,1047,1180,1203,1009,685,-1152,-1871
5.375,-2056,-5065,-1249,-682,-262,85,194,119,-4,-88,-147,-5438,-6187,-5665,-6059,-6098,-5543,-5486,-5434,-5448,-5449,-5484,-60,-3233,15,361,1027,1165,1190,1008,687,-1116,-1830
5.38333,-1773,-4872,-1227,-698,-287,69,181,113,-5,-88,-147,-5454,-6116,-5634,-6055,-6105,-5553,-5497,-5443,-5456,-5455,-5489,179,-3020,35,353,1008,1151,1178,1006,688,-1080,-1789
5.39167,-1505,-4675,-1203,-712,-311,54,168,107,-7,-88,-146,-5470,-6048,-5606,-6050,-6112,-5563,-5508,-5452,-5463,-5462,-5495,393,-2805,57,347,990,1136,1166,1005,689,-1044,-1748
5.4,-1254,-4473,-1175,-725,-334,39,154,100,-9,-88,-146,-5484,-5984,-5583,-6045,-6118,-5572,-5518,-5460,-5470,-5468,-5500,579,-2590,81,342,972,1122,1154,1004,691,-1008,-1707
5.40833,-1021,-4267,-1145,-735,-356,25,142,94,-11,-88,-146,-5496,-5923,-5565,-6039,-6124,-5582,-5528,-5469,-5478,-5475,-5505,734,-2374,106,339,954,1109,1142,1002,692,-972,-1666
5.41667,-810,-4058,-1113,-743,-377,11,129,87,-12,-88,-146,-5507,-5867,-5550,-6032,-6128,-5591,-5538,-5477,-5485,-5482,-5510,857,-2159,133,338,938,1095,1130,1000,694,-936,-1624
5.425,-620,-3848,-1079,-750,-396,-2,116,81,-14,-88,-145,-5517,-5814,-5539,-6025,-6132,-5599,-5548,-5486,-5492,-5488,-5515,949,-1946,162,339,921,1082,1118,999,695,-900,-1583
5.43333,-456,-3636,-1043,-755,-415,-16,104,75,-16,-88,-145,-5526,-5766,-5531,-6018,-6136,-5608,-5558,-5494,-5500,-5495,-5520,1013,-1734,192,341,906,1070,1107,997,696,-864,-1542
5.44167,-318,-3424,-1006,-758,-433,-28,92,68,-18,-88,-145,-5533,-5723,-5526,-6010,-6139,-5616,-5567,-5502,-5507,-5502,-5525,1054,-1525,223,344,891,1057,1096,995,698,-828,-1501
5.45,-208,-3211,-967,-759,-449,-41,80,62,-20,-88,-144,-5540,-5685,-5524,-6001,-6141,-5625,-5577,-5511,-5514,-5508,-5530,1076,-1320,255,349,877,1045,1084,993,699,-792,-1460
5.45833,-126,-3000,-927,-759,-464,-53,68,55,-22,-88,-144,-5547,-5653,-5524,-5993,-6143,-5633,-5586,-5519,-5521,-5515,-5535,1084,-1119,288,355,863,1033,1073,991,701,-756,-1419
5.46667,-69,-2791,-885,-757,-479,-65,57,49,-24,-88,-144,-5553,-5626,-5526,-5984,-6144,-5640,-5595,-5527,-5529,-5521,-5541,1082,-923,321,362,850,1022,1062,989,702,-721,-1378
5.475,-32,-2584,-844,-754,-492,-76,45,42,-27,-88,-143,-5559,-5606,-5530,-5974,-6144,-5648,-5604,-5535,-5536,-5528,-5546,1073,-732,355,370,837,1010,1051,987,704,-685,-1337
5.48333,-12,-2380,-801,-749,-505,-87,34,36,-29,-88,-143,-5566,-5590,-5535,-5965,-6144,-5655,-5613,-5543,-5543,-5535,-5551,1060,-549,389,380,825,999,1040,985,705,-649,-1296
5.49167,-4,-2181,-759,-744,-517,-98,23,29,-31,-88,-143,-5572,-5580,-5541,-5955,-6144,-5662,-5622,-5551,-5550,-5541,-5556,1045,-373,424,390,814,988,1030,983,707,-613,-1255
5.5,-6,-1986,-716,-736,-527,-108,12,23,-33,-89,-143,-5578,-5574,-5548,-5945,-6143,-5669,-5630,-5559,-5558,-5548,-5561,1029,-204,458,402,803,978,1019,981,708,-578,-1214
5.50833,-13,-1797,-673,-728,-537,-118,1,17,-35,-89,-142,-5585,-5571,-5556,-5935,-6141,-5676,-5638,-5567,-5565,-5554,-5566,1013,-45,492,414,792,967,1009,978,710,-542,-1173
5.51667,-24,-1614,-631,-719,-546,-128,-9,10,-38,-89,-142,-5591,-5572,-5564,-5925,-6139,-5682,-5647,-5575,-5572,-5561,-5571,997,105,526,427,782,957,999,976,711,-507,-1132
5.525,-36,-1438,-589,-708,-554,-137,-20,4,-40,-89,-142,-5598,-5575,-5573,-5914,-6136,-5689,-5655,-5583,-5579,-5568,-5576,982,244,560,441,773,947,989,974,713,-471,-1091
5.53333,-49,-1271,-547,-697,-561,-146,-30,-2,-42,-89,-141,-5605,-5581,-5582,-5904,-6134,-5695,-5663,-5591,-5586,-5574,-5582,968,373,592,455,764,938,979,971,714,-435,-1050
5.54167,-62,-1111,-507,-684,-567,-155,-40,-9,-45,-90,-141,-5612,-5588,-5592,-5894,-6130,-5701,-5671,-5599,-5593,-5581,-5587,954,489,624,470,755,928,969,969,716,-400,-1009
5.55,-73,-962,-468,-671,-572,-163,-50,-15,-47,-90,-141,-5619,-5596,-5601,-5884,-6126,-5706,-5678,-5606,-5601,-5588,-5592,941,593,655,485,747,919,959,966,717,-364,-968
5.55833,-83,-822,-430,-657,-577,-172,-60,-21,-50,-90,-140,-5626,-5604,-5610,-5874,-6122,-5712,-5686,-5614,-5608,-5594,-5597,929,684,685,501,740,910,950,964,719,-329,-927
5.56667,-92,-693,-393,-642,-581,-179,-69,-27,-52,-90,-140,-5633,-5614,-5619,-5864,-6118,-5717,-5693,-5622,-5615,-5601,-5602,918,760,714,517,733,902,940,961,721,-294,-886
5.575,-99,-576,-359,-627,-584,-187,-79,-34,-55,-90,-140,-5640,-5623,-5628,-5854,-6113,-5723,-5701,-5629,-5622,-5607,-5607,907,823,741,534,726,893,931,958,722,-258,-845
5.58333,-105,-472,-326,-611,-586,-194,-88,-40,-57,-91,-140,-5647,-5633,-5637,-5844,-6107,-5728,-5708,-5637,-5629,-5614,-5612,897,872,766,551,720,885,922,956,724,-223,-804
5.59167,-110,-381,-295,-594,-588,-201,-97,-46,-60,-91,-139,-5654,-5642,-5646,-5835,-6101,-5733,-5715,-5644,-5636,-5621,-5617,888,910,790,568,714,877,913,953,725,-187,-763
5.6,-114,-303,-267,-577,-589,-208,-106,-52,-62,-91,-139,-5661,-5651,-5654,-5825,-6095,-5737,-5722,-5652,-5643,-5627,-5623,879,937,812,585,709,869,904,950,727,-152,-722
5.60833,-118,-240,-242,-559,-589,-214,-115,-58,-65,-91,-139,-5668,-5660,-5662,-5816,-6089,-5742,-5729,-5659,-5650,-5634,-5628,870,955,831,602,704,862,895,947,729,-117,-681
5.61667,-121,-190,-219,-542,-588,-221,-124,-64,-67,-92,-138,-5675,-5668,-5670,-5808,-6082,-5746,-5736,-5666,-5657,-5640,-5633,863,966,849,619,700,854,886,944,730,-81,-640
5.625,-124,-151,-199,-524,-587,-227,-133,-70,-70,-92,-138,-5681,-5676,-5678,-5800,-6075,-5751,-5743,-5674,-5664,-5647,-5638,855,971,864,636,696,847,877,941,732,-46,-599
5.63333,-127,-123,-182,-505,-585,-232,-141,-76,-72,-92,-138,-5688,-5684,-5685,-5792,-6068,-5755,-5749,-5681,-5671,-5654,-5643,849,971,877,653,692,840,869,939,733,-11,-558
5.64167,-129,-104,-168,-487,-583,-238,-150,-82,-75,-93,-137,-5694,-5691,-5692,-5785,-6061,-5759,-5756,-5688,-5678,-5660,-5648,843,968,887,669,689,833,860,936,735,24,-517
5.65,-131,-92,-156,-468,-579,-243,-158,-88,-77,-93,-137,-5700,-5698,-5698,-5778,-6053,-5763,-5762,-5696,-5685,-5667,-5653,837,963,896,685,686,826,852,933,737,59,-476
5.65833,-134,-86,-147,-450,-576,-248,-166,-94,-80,-93,-137,-5706,-5705,-5705,-5772,-6045,-5766,-5768,-5703,-5692,-5674,-5658,832,956,902,701,683,820,843,930,738,94,-435
5.66667,-136,-85,-139,-432,-571,-253,-174,-100,-83,-94,-137,-5712,-5711,-5710,-5766,-6037,-5770,-5775,-5710,-5699,-5680,-5664,827,948,907,717,681,814,835,927,740,130,-394
5.675,-138,-87,-134,-413,-567,-257,-182,-106,-85,-94,-136,-5717,-5717,-5716,-5761,-6028,-5773,-5781,-5717,-5706,-5687,-5669,823,939,910,731,679,807,827,924,742,165,-353
5.68333,-140,-92,-130,-395,-561,-262,-190,-111,-88,-94,-136,-5722,-5722,-5721,-5756,-6020,-5777,-5787,-5724,-5713,-5693,-5674,819,931,911,746,677,801,819,921,743,200,-312
5.69167,-142,-98,-128,-377,-555,-266,-198,-117,-90,-94,-136,-5727,-5727,-5726,-5752,-6011,-5780,-5793,-5731,-5720,-5700,-5679,815,923,912,759,676,796,811,918,745,235,-271
5.7,-144,-104,-127,-360,-549,-270,-205,-123,-93,-95,-135,-5732,-5732,-5731,-5749,-6002,-5783,-5799,-5738,-5727,-5707,-5684,812,915,911,772,675,790,803,915,746,270,-230
5.70833,-146,-111,-127,-343,-542,-273,-213,-129,-96,-95,-135,-5736,-5736,-5735,-5746,-5993,-5786,-5804,-5745,-5734,-5713,-5689,809,908,909,784,674,784,796,912,748,305,-189
5.71667,-148,-119,-128,-326,-535,-277,-220,-135,-98,-95,-135,-5740,-5740,-5739,-5743,-5984,-5789,-5810,-5752,-5741,-5720,-5694,806,902,907,795,674,779,788,908,750,339,-148
5.725,-150,-125,-129,-310,-527,-280,-228,-140,-101,-96,-134,-5743,-5744,-5743,-5741,-5974,-5791,-5816,-5759,-5748,-5726,-5699,804,896,904,806,674,774,780,905,751,374,-107
5.73333,-151,-132,-131,-294,-518,-283,-235,-146,-103,-96,-134,-5747,-5747,-5746,-5740,-5965,-5794,-5821,-5766,-5755,-5733,-5704,802,890,901,815,674,769,773,902,753,409,-66
5.74167,-153,-137,-133,-279,-510,-286,-242,-152,-106,-96,-134,-5749,-5750,-5749,-5738,-5955,-5797,-5827,-5773,-5762,-5740,-5710,801,885,897,823,675,764,765,899,755,444,-25
5.75,-154,-142,-136,-265,-501,-289,-249,-157,-109,-97,-134,-5752,-5753,-5752,-5737,-5946,-5799,-5832,-5780,-5769,-5746,-5715,799,881,893,830,675,759,758,896,756,479,16
5.75833,-156,-147,-138,-252,-491,-292,-256,-163,-111,-97,-133,-5754,-5755,-5754,-5736,-5936,-5801,-5837,-5787,-5776,-5753,-5720,798,876,888,836,676,754,750,893,758,514,57
5.76667,-157,-151,-140,-239,-481,-294,-263,-169,-114,-97,-133,-5756,-5758,-5756,-5735,-5926,-5803,-5843,-5794,-5783,-5759,-5725,797,872,884,841,678,750,743,890,760,548,98
5.775,-158,-154,-143,-228,-471,-297,-270,-174,-117,-98,-133,-5758,-5759,-5758,-5734,-5917,-5806,-5848,-5801,-5789,-5766,-5730,796,868,879,845,679,745,736,887,761,583,139
5.78333,-159,-157,-145,-217,-460,-299,-277,-180,-119,-98,-132,-5760,-5761,-5760,-5734,-5907,-5808,-5853,-5807,-5796,-5773,-5735,795,864,874,848,681,741,729,883,763,618,180
5.79167,-160,-160,-147,-207,-450,-301,-283,-186,-122,-99,-132,-5761,-5762,-5762,-5733,-5897,-5810,-5858,-5814,-5803,-5779,-5740,795,860,869,850,683,737,722,880,765,653,221
5.8,-161,-162,-149,-198,-438,-303,-290,-191,-124,-99,-132,-5762,-5764,-5763,-5733,-5887,-5811,-5863,-5821,-5810,-5786,-5745,795,857,864,851,685,732,715,877,767,687,262
5.80833,-161,-164,-150,-191,-427,-305,-297,-197,-127,-99,-132,-5763,-5764,-5764,-5733,-5878,-5813,-5868,-5828,-5817,-5792,-5751,794,853,859,852,687,728,708,874,768,722,303
5.81667,-162,-165,-152,-184,-415,-306,-303,-202,-130,-100,-131,-5764,-5765,-5765,-5732,-5868,-5815,-5873,-5835,-5824,-5799,-5756,794,849,854,852,690,724,701,871,770,757,344
5.825,-163,-166,-154,-178,-403,-308,-309,-208,-132,-100,-131,-5764,-5766,-5766,-5732,-5858,-5817,-5878,-5841,-5831,-5806,-5761,794,845,849,851,692,721,694,868,772,791,385
5.83333,-163,-167,-155,-172,-391,-309,-316,-214,-135,-100,-131,-5764,-5766,-5766,-5732,-5849,-5818,-5882,-5848,-5837,-5812,-5766,794,841,845,849,695,717,687,864,773,826,426
5.84167,-164,-167,-156,-168,-379,-311,-322,-219,-137,-101,-130,-5764,-5766,-5766,-5732,-5839,-5820,-5887,-5855,-5844,-5819,-5771,794,837,840,847,698,713,680,861,775,861,467
5.85,-164,-168,-157,-164,-366,-312,-328,-225,-140,-101,-130,-5764,-5766,-5767,-5732,-5830,-5821,-5892,-5861,-5851,-5825,-5776,794,833,835,845,701,710,673,858,777,895,508
5.85833,-165,-168,-158,-161,-354,-313,-335,-230,-143,-101,-130,-5764,-5766,-5767,-5732,-5821,-5822,-5896,-5868,-5858,-5832,-5781,794,829,831,842,704,706,667,855,778,930,549
5.86667,-165,-168,-159,-158,-341,-314,-341,-236,-145,-102,-130,-5763,-5765,-5766,-5732,-5812,-5824,-5901,-5875,-5865,-5839,-5786,794,824,826,839,708,703,660,852,780,964,590
5.875,-165,-168,-160,-156,-328,-315,-347,-241,-148,-102,-129,-5763,-5765,-5766,-5732,-5803,-5825,-5906,-5881,-5872,-5845,-5792,794,820,822,836,711,699,653,849,782,999,631
5.88333,-166,-167,-160,-154,-315,-316,-353,-247,-150,-103,-129,-5762,-5764,-5766,-5732,-5794,-5826,-5910,-5888,-5878,-5852,-5797,794,817,818,832,715,696,647,845,783,1033,672
5.89167,-166,-167,-161,-153,-301,-316,-359,-252,-153,-103,-129,-5761,-5763,-5765,-5732,-5785,-5827,-5915,-5894,-5885,-5858,-5802,794,813,814,828,719,693,640,842,785,1068,713
5.9,-166,-167,-161,-152,-288,-317,-365,-258,-156,-103,-128,-5760,-5762,-5764,-5732,-5777,-5829,-5919,-5901,-5892,-5865,-5807,793,809,810,825,723,689,634,839,787,1102,754
5.90833,-166,-166,-162,-151,-275,-318,-371,-263,-158,-104,-128,-5759,-5761,-5763,-5732,-5768,-5830,-5924,-5908,-5899,-5872,-5812,793,805,806,821,726,686,627,836,788,1137,795
5.91667,-165,-166,-162,-151,-261,-318,-377,-269,-161,-104,-128,-5758,-5760,-5763,-5732,-5760,-5831,-5928,-5914,-5906,-5878,-5817,792,802,802,817,730,683,621,833,790,1172,836
5.925,-165,-165,-162,-151,-248,-319,-383,-274,-164,-104,-127,-5756,-5758,-5762,-5733,-5752,-5832,-5933,-5921,-5912,-5885,-5822,792,799,798,813,735,680,614,830,792,1206,877
5.93333,-165,-165,-162,-150,-234,-319,-389,-279,-166,-105,-127,-5755,-5757,-5760,-5733,-5744,-5833,-5937,-5927,-5919,-5891,-5827,791,796,795,809,739,677,608,826,793,1241,918
5.94167,-164,-164,-163,-150,-221,-319,-394,-285,-169,-105,-127,-5754,-5755,-5759,-5733,-5737,-5834,-5941,-5934,-5926,-5898,-5832,790,793,791,805,743,674,601,823,795,1275,959
5.95,-163,-163,-163,-150,-207,-320,-400,-290,-171,-106,-127,-5752,-5754,-5758,-5733,-5729,-5835,-5946,-5940,-5933,-5905,-5838,788,790,788,801,747,671,595,820,797,1310,1000
5.95833,-163,-163,-163,-150,-194,-320,-406,-296,-174,-106,-126,-5750,-5752,-5757,-5733,-5721,-5836,-5950,-5947,-5940,-5911,-5843,787,788,785,797,751,668,588,817,798,1344,1041
5.96667,-162,-162,-163,-150,-180,-320,-412,-301,-177,-106,-126,-5749,-5751,-5756,-5734,-5714,-5836,-5954,-5953,-5946,-5918,-5848,786,785,781,793,756,665,582,814,800,1379,1082
5.975,-161,-161,-163,-150,-167,-321,-418,-307,-179,-107,-126,-5747,-5749,-5754,-5734,-5707,-5837,-5959,-5960,-5953,-5924,-5853,784,783,778,789,760,662,576,811,801,1413,1123
5.98333,-160,-160,-163,-150,-154,-321,-423,-312,-182,-107,-125,-5745,-5747,-5753,-5734,-5699,-5838,-5963,-5966,-5960,-5931,-5858,783,781,775,785,764,659,569,807,803,1448,1164
5.99167,-159,-159,-163,-150,-140,-321,-429,-318,-184,-107,-125,-5744,-5746,-5751,-5734,-5692,-5839,-5967,-5973,-5967,-5937,-5863,782,778,772,781,768,657,563,804,805,1482,1205
6,-158,-158,-163,-151,-127,-321,-435,-323,-187,-108,-125,-5742,-5744,-5750,-5735,-5684,-5840,-5972,-5979,-5974,-5944,-5868,780,776,769,777,773,654,556,801,806,1517,1246
