"time_min","std-0_bc","std-0_aligned","std-25_bc","std-25_aligned","std-50_bc","std-50_aligned","std-100_bc","std-100_aligned","std-150_bc","std-150_aligned","std-200_bc","std-200_aligned","sample-1_bc","sample-1_aligned","sample-2_bc","sample-2_aligned","sample-3_bc","sample-3_aligned","sample-4_bc","sample-4_aligned"
0,-67069.27,-67069.27,405.7,405.7,-523.57,-523.57,247.74,247.74,-356.77,-356.77,22.75,22.75,4873.08,4873.08,-599.84,-599.84,-21514.17,-21514.17,551.83,551.83
0.00833,-67727.81,-67696.63,406.23,406.22,-528.34,-528.33,248.15,248.15,-359.76,-357.11,22.78,22.74,4879.36,1950.58,-605.05,-350.98,-21694.01,-4543.91,552.77,425.04
0.01667,-66007.33,-66170.22,0.18,13.39,-413.48,-413.93,83.97,83.97,102.83,102.77,1.84,1.84,-46.32,-42.34,-177.76,210.77,6369.79,5915.65,349.56,-11.84
0.025,-60848.5,-61581.11,0.3,0.3,230.3,226.55,47.17,47.17,97.69,97.58,1.93,1.92,-43.35,-35.45,213.3,190.32,5998.86,5321.01,-12,-10.83
0.03333,-53117.84,-54581.64,1.49,1.42,216.33,216.44,41.71,41.71,91.47,91.35,1.03,1.02,-38.01,-30.29,199.89,171.33,5624.41,4764.74,-11.38,-9.97
0.04167,-44531.42,-46563.71,1.72,1.7,202.49,202.62,36.57,36.57,86.41,86.24,0.14,0.14,-34.75,-28.46,187.68,152.47,5260.33,4251.71,-10.76,-9.32
0.05,-35720.47,-38222.99,1.97,1.94,189.11,189.27,30.72,30.72,80.61,80.42,0.25,0.25,-31.71,-26.61,175.94,134.64,4912.09,3789.29,-10.21,-8.15
0.05833,-26295.76,-29418.74,0.23,0.43,177.33,177.49,26.13,26.13,75.09,74.85,0.37,0.36,-27.96,-25.93,163.75,117.46,4580.55,3368.82,-9.74,-6.73
0.06667,-16187.53,-20015.5,0.5,0.47,166.18,166.35,21.78,21.78,68.87,68.69,-0.51,-0.49,-28.47,-27.91,152.15,106.06,4268.08,2988.74,-9.36,-6.72
0.075,-5771.15,-10208.9,-0.22,-0.11,153.67,153.89,19.65,19.65,64.94,64.7,0.62,0.62,-28.27,-27.03,141.14,93.89,3973.46,2647.78,-9.08,-5.57
0.08333,4442.45,-392.39,-0.95,-0.83,142.78,142.99,16.7,16.7,60.3,60.04,0.74,0.75,-25.34,-26.32,129.7,82.41,3697.2,2341.06,-7.87,-3.62
0.09167,13952.62,9000.58,-0.68,-0.72,132.5,132.72,13.92,13.92,55.92,55.66,0.88,0.88,-25.67,-24.76,118.81,72.45,3436.71,2069.04,-6.75,-1.67
0.1,22376.02,17591.13,-0.41,-0.46,122.81,123.04,10.28,10.28,51.8,51.54,1.02,1,-27.26,-21.17,110.47,63.53,3192.31,1825.16,-6.7,-1.04
0.10833,29464.69,25102.43,0.86,0.59,112.69,112.94,8.75,8.75,47.94,47.66,0.17,0.2,-28.12,-12.79,104.64,55.28,2963.3,1606.53,-6.71,-1.7
0.11667,35122.21,31372.85,1.13,1.07,104.1,104.33,7.31,7.31,44.31,44.03,1.32,1.3,-27.25,1.69,96.3,47.28,2747.97,1414.43,-6.79,-3.07
0.125,39391.16,36359.95,1.41,1.34,97.03,97.24,5.94,5.94,40.9,40.63,0.48,0.46,-26.64,18.66,89.43,40.33,2547.6,1241.81,-4.93,-4.13
0.13333,42430.75,40128.57,2.71,2.37,90.45,90.65,4.63,4.63,37.71,37.44,-0.35,-0.35,-26.3,33.94,82.01,35.39,2360.46,1091.89,-4.12,-5.37
0.14167,44459.8,42826.96,3.04,2.95,84.33,84.54,2.36,2.36,34.72,34.45,-0.19,-0.15,-25.22,51.05,76.02,29.1,2185.86,958.05,-2.35,-4.61
0.15,45709.93,44644.73,4.4,4,77.66,77.89,1.12,1.12,31.92,31.65,0.98,0.98,-24.38,69.99,69.42,24.84,2024.11,837.35,-1.61,-3.95
0.15833,46394.76,45778.82,4.8,4.67,71.4,71.63,-1.11,-1.11,29.3,29.14,1.15,1.12,-21.77,91.57,64.19,22.02,1872.52,734.12,-0.88,-3.4
0.16667,46685.88,46410.27,6.24,5.77,65.53,65.75,-2.35,-2.35,27.85,27.58,0.32,0.33,-17.36,113.99,59.32,18.61,1730.44,643.29,-1.17,-3.53
0.175,46710.94,46686.03,5.75,5.92,61.02,61.21,-2.61,-2.61,25.55,25.41,0.5,0.47,-11.1,136.98,53.78,18.06,1599.25,562.21,-1.47,-3.8
0.18333,46556.69,46709.9,5.3,5.46,55.86,56.08,-2.89,-2.89,24.4,24.15,-0.31,-0.31,-1.93,159.49,48.56,16.86,1477.33,492.14,-2.8,-5.17
0.19167,46283.09,46570.38,5.91,5.68,52.03,52.2,-4.21,-4.21,22.4,22.02,-0.13,-0.12,9.23,182.32,44.62,14.46,1364.12,429.17,-3.14,-4.76
0.2,45931.32,46320.33,4.57,5.1,47.5,47.71,-5.56,-5.56,19.52,19.27,0.05,0.1,19.49,200.4,39.95,13.59,1258.05,373.5,-3.52,-4.21
0.20833,45516.9,45995.85,3.28,3.81,43.24,43.45,-6.97,-6.97,17.76,17.52,1.23,1.24,28.94,209.77,37.54,12.44,1160.6,323.96,-4.94,-3.61
0.21667,45052.71,45612.54,2.02,2.55,40.26,40.41,-7.45,-7.45,16.11,15.88,1.42,1.43,38.67,213.45,33.36,13.25,1072.26,281.72,-5.4,-2.17
0.225,44553.09,45181.81,1.78,1.88,35.51,35.76,-5.99,-5.99,14.56,14.34,1.61,1.57,49.79,210.99,29.4,14.52,988.57,243.4,-4.91,-1.77
0.23333,44022.84,44715.69,0.55,1.11,32,32.19,-6.59,-6.59,13.12,12.9,0.81,0.76,61.41,203.4,26.64,16.14,910.08,210.29,-4.47,-1.47
0.24167,43483.33,44220.51,-0.67,-0.09,29.69,29.82,-7.27,-7.27,11.76,11.55,0,0.01,73.62,194.38,24.07,11.39,837.35,182.64,-4.07,2.53
0.25,42915.48,43709.99,-1.89,-1.29,26.59,26.77,-8.01,-8.01,10.48,10.45,0.2,0.21,87.52,185.03,22.68,7.44,771,160.02,-3.71,5.36
0.25833,42326.83,43180.93,-2.13,-2.01,24.66,24.77,-7.83,-7.83,10.28,10.08,0.41,0.42,101.16,169.13,20.46,6.18,710.65,136.24,-3.39,2.22
0.26667,41725.54,42629.86,-2.39,-2.25,23.9,23.95,-7.73,-7.73,9.15,8.96,0.61,0.62,115.55,148.73,18.38,4.09,654.94,116.17,-3.1,0.98
0.275,41108.43,42063.54,-1.67,-2.05,21.3,21.46,-7.7,-7.7,8.09,8.09,0.82,0.7,129.71,126.23,18.45,3.07,602.54,100.48,-3.85,-0.73
0.28333,40473.02,41484.54,-1.96,-1.8,19.83,19.93,-7.75,-7.75,8.09,7.91,-0.98,-1.03,144.65,103.05,17.66,2.37,554.15,86.77,-3.63,-1.08
0.29167,39813.46,40890.36,-2.28,-2.1,18.51,18.6,-7.88,-7.88,7.14,7.17,-1.78,-1.77,158.39,80.76,16.98,2.93,510.47,75.79,-4.46,-1.19
0.3,39117.63,40277.88,-2.63,-2.43,17.3,17.38,-8.08,-8.08,7.25,7.08,-1.6,-1.52,171.94,61.97,15.43,3.94,469.23,64.42,-5.32,-1.71
0.30833,38377.11,39640.53,-4,-3.17,14.21,14.43,-7.36,-7.36,6.41,6.24,-0.43,-0.49,187.3,44.48,13.99,3.85,431.18,53.49,-5.24,-1.27
0.31667,37575.15,38968.65,-4.41,-4.15,12.21,12.36,-6.72,-6.72,5.61,5.44,-1.26,-1.25,198.5,28.67,13.66,3.87,395.08,45.06,-4.2,-0.75
0.325,36708.71,38253.73,-4.86,-4.57,11.32,11.38,-7.14,-7.14,4.85,4.69,-1.11,-1.18,205.54,19.31,13.42,3.79,362.71,38.2,-4.21,-0.48
0.33333,35774.45,37482.86,-4.35,-4.68,10.5,10.57,-5.62,-5.62,4.13,4.2,-1.98,-1.97,210.43,12.1,12.28,2.39,331.87,33.37,-4.26,-0.25
0.34167,34741.71,36653.43,-4.89,-4.53,8.77,8.91,-5.17,-5.17,4.44,4.53,-1.85,-1.77,213.18,7.35,13.23,2.06,303.37,28.29,-3.34,0.26
0.35,33597.57,35762.22,-3.47,-4.44,8.11,8.16,-4.77,-4.77,4.79,4.65,-0.75,-0.74,213.78,5.46,13.27,1.75,279.02,23.77,-2.46,0.23
0.35833,32347.75,34778.38,-3.09,-3.35,7.51,7.56,-4.41,-4.41,4.17,3.78,-0.65,-0.56,211.24,8.03,14.4,1.1,254.66,21.46,-1.61,-0.02
0.36667,30992.75,33692.35,-3.74,-3.27,4.97,5.19,-5.11,-5.11,2.58,2.69,0.45,0.45,206.55,13.1,16.61,3.67,232.14,18.36,-1.77,-0.28
0.375,29537.74,32510.45,-3.43,-3.65,4.48,4.52,-4.85,-4.85,3.02,2.88,0.54,0.55,201.69,20.73,15.89,4.23,212.32,15.25,-1.95,-0.25
0.38333,27981.68,31233.28,-3.15,-3.36,3.03,3.16,-4.64,-4.64,2.48,2.34,0.63,0.64,195.66,31.81,12.25,3.21,194.06,13.41,-1.15,-0.72
0.39167,26320.26,29864.91,-2.9,-3.09,2.62,2.66,-5.49,-5.49,1.96,1.83,0.73,0.64,190.43,48.32,8.69,2.27,178.25,10.64,1.66,-0.54
0.4,24564.99,28405.22,-2.68,-2.85,3.24,3.18,-6.38,-6.38,1.46,0.78,-0.18,-0.17,183.98,68.98,7.2,1.39,164.77,8.7,5.48,0.63
0.40833,22728.21,26851.13,-2.48,-2.64,3.88,3.82,-7.34,-7.34,-1.03,-1.17,-0.09,-0.17,174.3,92.51,6.77,0.54,150.52,6.65,5.34,0.35
0.41667,20809.13,25208.94,-1.31,-2.26,3.56,3.6,-6.37,-6.37,-1.52,-1.38,-0.99,-0.89,162.35,120.71,5.41,-0.29,135.41,5.45,3.23,0.07
0.425,18829.88,23489.01,-1.15,-1.28,3.27,3.3,-7.46,-7.46,-1.03,-0.88,0.09,0.1,149.1,152.34,4.1,-0.47,122.34,4.56,1.16,0.81
0.43333,16808.55,21694.86,-1.01,-1.13,3.01,3.03,-7.63,-7.63,-0.54,-0.09,0.18,0.19,135.52,187.74,3.83,0.04,111.24,4.46,1.1,0.56
0.44167,14759.26,19837.07,-1.88,-1.13,1.77,1.89,-6.86,-6.86,0.95,1.1,0.27,0.27,120.58,225.75,2.6,1.21,102.04,3.64,0.05,0
0.45,12701.2,17932.84,-1.77,-1.87,1.54,1.57,-6.16,-6.16,1.45,1.92,0.35,0.36,106.25,267.91,2.4,-0.6,92.68,1.9,-1,-1.88
0.45833,10653.64,15996.11,-1.67,-1.76,0.33,0.46,-4.52,-4.52,2.96,2.81,0.44,0.35,91.48,309.96,2.23,-0.72,85.08,1.23,-1.05,-0.64
0.46667,8650.96,14040.76,-1.59,-1.66,-0.88,-0.75,-3.93,-3.93,2.49,2.98,-0.47,-0.46,78.25,329.1,3.09,-1.26,78.2,0.58,-1.12,-0.51
0.475,6711.39,12083.3,-1.53,-1.59,-2.1,-1.96,-3.37,-3.37,4.04,4.55,-0.38,-0.48,66.53,303.61,3.97,-1.24,71.99,-0.04,-1.19,-0.82
0.48333,4854.49,10144.08,-1.47,-1.52,-2.33,-2.31,-2.86,-2.86,5.61,6.14,-1.3,-1.3,55.28,199.76,3.9,-2.56,64.42,-0.23,-2.28,-1.16
0.49167,3101.45,8249.27,-0.43,-1.43,-2.59,-2.56,-2.37,-2.37,7.2,7.75,-1.23,-1.11,44.48,23.23,3.85,-3.02,57.43,-0.36,-1.38,-0.52
0.5,1456.21,6414.73,0.6,-0.41,-2.88,-2.84,-2.91,-2.91,8.82,8.7,-0.17,-0.05,34.07,-191.48,3.85,-3.39,50.99,-1.96,-1.5,-0.91
0.50833,-69.19,4657.4,0.64,0.6,-4.19,-4.04,-4.49,-4.49,8.47,8.7,0.89,0.9,24.99,-390.3,3.89,-3.2,46.06,-2.65,-0.63,-2.67
0.51667,-1462.32,2994.36,0.69,0.64,-4.55,-4.5,-6.11,-6.11,9.14,8.67,0.95,0.84,20.18,-528.03,3.96,-4.42,41.59,-3.42,-0.77,-3.81
0.525,-2722.74,1429.14,1.74,0.68,-5.95,-5.78,-5.78,-5.78,7.83,7.73,0.01,-0.11,15.58,-558.05,3.07,-5.3,37.53,-3.27,-0.91,-4.4
0.53333,-3844.84,-24.06,1.8,1.69,-6.41,-6.35,-4.5,-4.5,7.55,7.09,-0.94,-1.06,11.13,-487.83,2.2,-6.16,34.85,-4.2,-0.07,-5.1
0.54167,-4832.73,-1355.15,2.87,1.8,-6.93,-6.86,-3.26,-3.26,6.3,5.84,-1.89,-1.89,7.81,-342.81,2.37,-6.18,31.51,-5.25,-0.22,-5.94
0.55,-5689.18,-2566.12,3.96,2.8,-7.52,-7.44,-3.07,-3.07,5.06,4.98,-1.86,-1.86,6.58,-186.89,1.55,-7.61,28.49,-6.43,-0.38,-7.94
0.55833,-6414.7,-3652.29,2.07,3.87,-7.18,-7.22,-3.91,-3.91,4.85,4.39,-1.85,-1.85,5.42,-59.36,1.75,-9.58,24.76,-7.78,0.46,-9.14
0.56667,-7014.53,-4616.45,2.19,2.27,-6.91,-6.94,-4.79,-4.79,3.66,3.59,-1.85,-1.73,6.34,20.41,0.97,-10.8,23.27,-8.77,0.3,-9.84
0.575,-7497.66,-5461.13,2.32,2.17,-6.71,-6.73,-4.71,-4.71,3.49,3.43,-0.87,-0.88,9.33,47.57,1.21,-12.24,22.02,-8.4,0.14,-8.75
0.58333,-7870.96,-6187.17,3.48,2.31,-7.58,-7.46,-4.68,-4.68,3.34,3.28,-0.9,-0.91,12.42,6.98,3.46,-12.81,19.99,-1.5,-0.02,1.99
0.59167,-8142.19,-6798.02,4.66,3.3,-8.52,-8.39,-4.69,-4.69,3.2,2.75,-0.94,-0.81,16.64,-90.95,4.74,-12.48,18.15,16.27,-0.17,-27.29
0.6,-8322.14,-7300.4,6.85,4.45,-8.55,-8.54,-4.75,-4.75,2.08,1.62,0.02,0.01,22.04,-237.14,4.07,-8.6,15.5,53.05,-0.33,-21.94
0.60833,-8416.65,-7700.87,7.07,6.44,-8.66,-8.64,-4.86,-4.86,0.97,0.93,-0.03,-0.04,28.67,-395.18,3.43,10.08,15,-43.73,-0.49,-22.01
0.61667,-8437.76,-8005.77,7.31,7.02,-7.85,-7.96,-5.02,-5.02,0.88,0.84,-0.08,-0.23,37.61,-524.17,2.82,56.26,13.65,-26.66,0.34,-23.16
0.625,-8383.72,-8223.12,6.57,7.26,-8.12,-8.08,-4.22,-4.22,0.79,0.75,-1.14,-1.15,48.93,-103.87,2.24,-53.57,11.44,-17.28,-0.82,-26.25
0.63333,-8273.11,-8360.17,5.86,6.75,-7.47,-7.57,-4.47,-4.47,0.71,0.24,-1.21,-1.36,61.74,-139.15,1.68,-34.89,10.34,-12.01,-0.99,-38.79
0.64167,-8115.94,-8424.15,5.18,6.04,-7.89,-7.83,-5.77,-5.77,-0.37,0.04,-2.29,-2.3,75.14,-172.2,1.14,-33.16,9.34,-18.25,-0.17,-76.97
0.65,-7915.72,-8421.13,4.52,5.36,-7.39,-7.47,-5.12,-5.12,0.56,0.53,-2.39,-2.55,90.23,-205.93,0.61,-49.96,7.43,-45.36,0.66,-168.48
0.65833,-7681.55,-8354.92,5.89,4.71,-5.96,-6.18,-5.52,-5.52,0.49,0.46,-3.51,-3.69,107.08,-252.39,0.09,-93.81,6.61,-110.21,0.48,-347.73
0.66667,-7428.2,-8239.63,6.28,5.47,-4.59,-4.8,-4.97,-4.97,0.43,0.86,-4.67,-4.4,125.76,-332.13,-0.43,-175.35,5.84,-227.82,0.31,-624.06
0.675,-7160.24,-8082.77,6.7,6.15,-4.27,-4.32,-4.47,-4.47,1.37,1.34,-2.86,-2.59,145.35,-438.91,-0.95,-304.82,5.14,-404.49,0.15,-904.31
0.68333,-6879.03,-7888.01,7.14,6.56,-3.99,-4.03,-4.01,-4.01,1.31,0.82,-1.08,-0.8,166.92,-458.42,0.52,-470.97,4.49,-610.83,-0.02,-926.02
0.69167,-6585.83,-7663.56,6.62,6.99,-3.75,-3.79,-3.59,-3.59,0.26,-0.72,0.69,0.81,189.57,-26.92,0,-621.07,4.89,-778.29,0.82,-220.4
0.7,-6284.76,-7421.86,6.12,6.81,-3.56,-3.59,-2.21,-2.21,-1.8,-2.31,1.46,1.59,213.39,1555.8,1.48,-628.32,4.34,-810.76,0.66,1852.04
0.70833,-5982.88,-7166.58,5.64,6.31,-5.4,-5.1,-0.84,-0.84,-2.87,-2.91,2.24,2.37,237.46,5114.28,0.96,-275.16,3.82,-612.84,0.51,5851.78
0.71667,-5682.24,-6899,6.2,5.83,-5.29,-5.31,1.52,1.52,-2.96,-3.02,3.03,3.16,264.89,10926.07,-0.54,726.13,3.35,-101.58,0.36,11451.54
0.725,-5380.87,-6620.52,7.77,5.97,-5.24,-5.25,1.87,1.87,-3.08,-3.15,3.83,3.79,292.78,18734.5,-1.06,2650.68,1.9,807.5,-0.79,17992.03
0.73333,-5085.79,-6334.64,8.38,7.09,-6.24,-6.07,2.24,2.24,-3.23,-2.81,3.63,3.77,317.22,27763.66,-0.57,5363.03,1.48,2199.08,-1.95,24701.92
0.74167,-4789.08,-6047.19,8.01,8.11,-7.3,-7.12,3.61,3.61,-2.41,-2,4.45,4.43,330.33,36977.33,-1.1,8453.36,1.07,3950.37,-1.11,30856.81
0.75,-4490.79,-5760.52,6.67,8.18,-7.44,-7.41,3.99,3.99,-1.6,-1.2,4.29,4.43,326.19,45416.61,-1.64,11508.04,0.67,5694.6,-0.29,35894.71
0.75833,-4200,-5473.6,5.35,7.31,-7.64,-7.61,3.37,3.37,-0.82,-0.94,5.13,4.93,300.87,52461.5,-1.19,14196.66,0.28,7154.53,-0.47,39500.42
0.76667,-3912.83,-5190.55,5.05,6,-7.93,-7.88,2.77,2.77,-1.05,-1.71,3.99,3.79,244.4,57835.84,-2.76,16313.13,-0.11,8187.88,-0.66,41619.43
0.775,-3627.43,-4908.47,4.77,5.2,-9.29,-9.05,2.17,2.17,-2.29,-1.9,2.86,2.66,152.63,61474.24,-2.35,17767.37,-0.5,8771.13,-0.86,42411.27
0.78333,-3343.96,-4624.93,4.51,4.91,-10.75,-10.49,1.58,1.58,-1.55,-0.08,1.73,1.54,33.97,63388.07,-2.96,18560.37,0.11,8968.34,-1.06,42148.9
0.79167,-3061.61,-4344.54,3.26,4.65,-12.32,-12.03,0,0,1.18,1.58,0.62,0.42,-98.54,63615.1,-3.61,18752.45,-0.28,8895.3,-1.28,41133.86
0.8,-2779.59,-4069.16,3.04,3.96,-13,-12.88,-1.59,-1.59,1.91,0.66,-0.48,-0.69,-236.08,62272.2,-3.29,18445.42,-1.68,8695.05,-0.5,39634.95
0.80833,-2499.13,-3796.31,1.82,3.17,-12.81,-12.85,-3.2,-3.2,-0.36,-1.63,-1.6,-1.62,-361.88,59592.34,-3,17756.81,-2.09,8556.3,-0.73,37868.1
0.81667,-2226.49,-3525.11,1.62,2.54,-13.75,-13.57,-3.83,-3.83,-2.64,-3.37,-1.72,-1.75,-467.05,55902.49,-3.74,16807.49,-2.53,8498.33,-0.98,35963.28
0.825,-1961.99,-3255.41,1.43,1.74,-13.83,-13.81,-4.5,-4.5,-3.95,-3.57,-1.86,-1.7,-537.55,51564.64,-4.52,15709.55,-2.99,8717.22,-2.23,33943.46
0.83333,-1712.07,-2986.52,0.24,1.55,-15.04,-14.81,-5.22,-5.22,-3.28,-4.07,-1.02,-1.24,-566.01,46908.8,-5.35,14573.43,-3.47,8936.12,-3.51,31757.65
0.84167,-1485.32,-2718.19,0.06,1,-16.41,-16.14,-4.98,-4.98,-4.66,-4.9,-2.19,-2.22,-548.69,42187.97,-5.23,13487.32,-2.99,9240.57,-3.82,29336.85
0.85,-1286.55,-2452.35,-1.13,0.18,-17.94,-17.64,-5.79,-5.79,-5.08,-5.94,-2.38,-2.42,-492.45,37586.13,-6.16,12517.18,-3.54,9555.08,-4.17,26661.07
0.85833,-1120.86,-2193.62,-1.32,-0.33,-20.66,-20.11,-6.67,-6.67,-6.55,-7.46,-2.59,-2.84,-406.84,33233.32,-6.15,11695.44,-4.13,9861,-4.56,23797.33
0.86667,-1000.68,-1942.76,-2.54,-1.19,-21.57,-21.38,-8.61,-8.61,-8.09,-8.45,-3.84,-4.1,-308.12,29222.55,-6.2,11024.51,-4.76,10164.64,-4.99,20891.7
0.875,-929.84,-1705.36,-2.77,-1.68,-23.69,-23.26,-9.64,-9.64,-8.7,-8.52,-5.13,-5.39,-208.43,25623.9,-7.32,10494.92,-5.44,10359.46,-5.47,18113.35
0.88333,-902.64,-1489.35,-4.04,-2.6,-24.05,-23.97,-10.77,-10.77,-8.4,-9.48,-6.46,-6.54,-119.88,22483.51,-8.51,9559.1,-6.17,10504.06,-6.01,15589.72
0.89167,-921.79,-1299.49,-5.35,-3.1,-23.63,-23.71,-10.99,-10.99,-10.19,-10.73,-6.86,-6.95,-47.64,19843.8,-9.79,9400.07,-6.96,10490.68,-7.62,13358.91
0.9,-982.45,-1139.49,-7.71,-4.36,-22.43,-22.68,-12.33,-12.33,-11.07,-11.69,-7.33,-7.64,5.95,17743.76,-10.16,9241.04,-7.82,10362.4,-8.29,11384.74
0.90833,-1075.13,-1019.88,-10.16,-5.89,-19.44,-20.08,-13.8,-13.8,-12.07,-13.39,-8.86,-8.99,39.4,16150.84,-11.63,9082.02,-8.76,10092.64,-9.05,9610.37
0.91667,-1188.66,-944.51,-10.7,-8.23,-15.64,-16.45,-14.39,-14.39,-14.19,-14.35,-9.49,-9.43,48.01,14913.99,-12.22,8857.32,-8.78,9665.65,-9.89,8023
0.925,-1309.08,-909.56,-12.34,-10.26,-8.97,-10.41,-17.14,-17.14,-14.44,-15.33,-9.2,-9.16,31.87,13809.71,-12.92,8632.62,-8.87,9150.12,-9.82,6693.79
0.93333,-1439.52,-916.01,-15.12,-10.99,-0.38,-2.25,-20.06,-20.06,-15.84,-16.2,-9.01,-9.41,-8.18,12657.03,-12.75,8407.93,-6.03,8482.81,-9.84,4806.02
0.94167,-1570.22,-961.27,-17.04,-12.79,8.18,6.3,-21.18,-21.18,-16.4,-17.51,-10.91,-11.13,-72.52,11342.54,-12.69,8100.68,-0.21,7780.54,-6.92,4755.79
0.95,-1690.39,-1038.39,-19.12,-15.4,13.77,12.53,-21.49,-21.49,-18.12,-18.71,-11.92,-12.17,-157.76,11180.58,-11.74,7793.42,9.65,6980.39,1.99,4705.55
0.95833,-1796.17,-1138.28,-18.38,-17.31,18.41,17.37,-23.02,-23.02,-19.02,-19.73,-13.05,-13.1,-255.66,11018.63,-7.87,7486.17,26.68,6177.02,-27.29,4655.32
0.96667,-1885.56,-1249.94,-17.81,-19.04,21.11,20.5,-22.77,-22.77,-20.11,-20.29,-13.3,-13.16,-357.12,10856.67,1.98,7097.56,53.05,5356.5,-21.94,4605.09
0.975,-1951.43,-1369.28,-15.41,-18.32,20.87,20.92,-23.75,-23.75,-20.39,-21.39,-12.68,-12.79,-451.02,10694.72,21.95,6708.94,-43.73,4539.38,-22.01,4554.85
0.98333,-1994.4,-1493.66,-11.15,-17.62,17.69,18.42,-23.96,-23.96,-21.88,-22.35,-13.18,-12.88,-524.17,10532.76,56.26,6320.33,-26.66,3783.66,-23.16,4504.62
0.99167,-2014.9,-1614.31,-3.99,-15.13,13.59,14.54,-23.41,-23.41,-22.58,-23.9,-11.82,-11.76,-103.87,10370.81,-53.57,5875.01,-17.28,3027.95,-26.25,4454.39
1,-2014.14,-1724.19,3.11,-10.8,7.54,8.95,-24.1,-24.1,-24.52,-26.71,-11.57,-12,-139.15,10208.85,-34.89,5429.68,-12.01,2379.06,-38.79,4404.15
1.00833,-1990.11,-1820.5,8.15,-3.76,0.54,2.19,-26.03,-26.03,-27.71,-29.41,-13.45,-14.15,-172.2,10046.9,-33.16,4984.36,-18.25,1736.1,-76.97,4353.92
1.01667,-1938.6,-1900.37,16.35,3.19,-6.46,-4.8,-27.22,-27.22,-30.17,-32.8,-16.48,-16.98,-205.93,9884.94,-49.96,4522.78,-45.36,1196.68,-168.48,4308.22
1.025,-1883.19,-1959.05,17.69,8.15,-14.54,-12.61,-30.7,-30.7,-33.93,-36.82,-18.66,-19.22,-252.39,9708.08,-93.81,4061.21,-110.21,676.68,-347.73,4303.37
1.03333,-1831.41,-1997.06,17.18,16.35,-22.77,-20.79,-35.48,-35.48,-38.03,-40.5,-21.03,-22.11,-332.13,9529.74,-175.35,3599.64,-227.82,235.2,-624.06,4298.51
1.04167,-1774.71,-2014.83,12.76,17.69,-30.2,-28.4,-39.62,-39.62,-41.5,-42.12,-25.62,-26.29,-438.91,9351.39,-304.82,3168.46,-404.49,-178.24,-904.31,4293.66
1.05,-1712.55,-2013.28,7.36,17.18,-34.92,-33.76,-44.13,-44.13,-42.37,-41.83,-28.45,-28.47,-458.42,9173.05,-470.97,2737.28,-610.83,-541.43,-926.02,4288.8
1.05833,-1647.31,-1990.39,2.99,12.76,-35.94,-35.69,-45.06,-45.06,-41.63,-38.46,-28.53,-27.89,-26.92,8994.7,-621.07,2306.11,-778.29,-875.33,-220.4,4283.94
1.06667,-1579.36,-1941.64,6.61,7.36,-33.29,-33.95,-41.4,-41.4,-37.27,-30.65,-25.87,-23.82,1555.8,8816.35,-628.32,1949.86,-810.76,-1180.14,1852.04,4279.09
1.075,-1511.04,-1889.09,17.24,2.99,-23.91,-26.26,-33.11,-33.11,-28.24,-18.06,-17.43,-14.17,5114.28,8638.01,-275.16,1593.61,-612.84,-1458.78,5851.78,4274.23
1.08333,-1443.68,-1839.37,38.88,6.61,-8.74,-12.57,-22.13,-22.13,-14.46,-2.06,-4.12,-0.11,10926.07,8459.66,726.13,1237.37,-101.58,-1719.67,11451.54,4269.38
1.09167,-1376.63,-1786.12,70.51,17.24,9.36,4.76,-10.36,-10.36,2.19,16.19,12.15,16.96,18734.5,8281.31,2650.68,989.5,807.5,-1956.16,17992.03,4264.52
1.1,-1312.23,-1728,111.14,38.88,29.51,24.35,1.31,1.31,20.85,32.78,31.5,36.38,27763.66,8100.14,5363.03,741.63,2199.08,-2179.46,24701.92,4268.62
1.10833,-1250.85,-1666.61,154.77,70.51,48.81,43.83,10.98,10.98,36.63,45.74,51,55.47,36977.33,7918.33,8453.36,493.76,3950.37,-2374.18,30856.81,4308.55
1.11667,-1192.89,-1602.68,198.41,111.14,62.29,58.79,18.73,18.73,48.59,53.33,68.7,72.24,45416.61,7736.52,11508.04,377.99,5694.6,-2558.3,35894.71,4348.47
1.125,-1139.78,-1537.72,237.04,154.77,70,67.98,23.64,23.64,54.76,55.85,82.61,84.45,52461.5,7554.71,14196.66,262.22,7154.53,-2702.66,39500.42,4388.4
1.13333,-1092,-1473.18,265.67,198.41,70.93,70.69,26.74,26.74,56.17,52.01,89.77,89.87,57835.84,7372.9,16313.13,146.45,8187.88,-2840.25,41619.43,4428.32
1.14167,-1047.06,-1409.16,283.3,237.04,66.12,67.4,25.05,25.05,50.83,42.13,90.17,88.26,61474.24,7191.1,17767.37,1153.24,8771.13,-2920.38,42411.27,4468.25
1.15,-1004.53,-1346.52,289.94,265.67,54.56,57.66,20.57,20.57,39.74,28.02,82.82,79.13,63388.07,7009.29,18560.37,1850.37,8968.34,-3000.5,42148.9,4508.18
1.15833,-968,-1286.44,289.57,283.3,42.27,45.59,12.27,12.27,24.9,10.85,68.74,63.77,63615.1,6827.48,18752.45,3036.41,8895.3,-143.76,41133.86,4548.1
1.16667,-938.1,-1229.24,282.2,289.94,29.23,32.78,1.05,1.05,7.24,-7.68,49.9,44.16,62272.2,6645.67,18445.42,4575.06,8695.05,71.41,39634.95,4588.03
1.175,-912.54,-1175.6,272.84,289.57,15.43,19.21,-11.16,-11.16,-11.38,-25.69,28.3,22.57,59592.34,6470.62,17756.81,6265.27,8556.3,483.57,37868.1,4627.95
1.18333,-891.06,-1126.49,266.47,282.2,3.78,6.99,-23.48,-23.48,-29.11,-42.94,6.88,1.39,55902.49,6298.1,16807.49,7854.39,8498.33,1042.73,35963.28,4678.12
1.19167,-872.43,-1081.63,266.1,272.84,-6.82,-3.87,-34.02,-34.02,-46.12,-57.95,-13.49,-18.24,51564.64,6125.57,15709.55,9100.64,8959.16,1675.9,33943.46,4752.19
1.2,-859.49,-1039.26,279.73,266.47,-10.42,-9.42,-43.89,-43.89,-60.57,-69.65,-30.99,-34.48,46908.8,5953.05,14573.43,9863.31,9621.29,2318.06,31757.65,4826.25
1.20833,-852.11,-999.56,313.37,266.1,-5.06,-6.57,-51.14,-51.14,-71.59,-78.8,-43.76,-46,42187.97,5780.53,13487.32,10163.15,10260.53,2966.22,29336.85,4900.32
1.21667,-849.22,-965.35,378,279.73,13.33,8.12,-51.84,-51.84,-80.27,-82.3,-51.91,-52.08,37586.13,5608,12517.18,10212.06,10564.94,3769.38,26661.07,4974.39
1.225,-850.77,-937.05,473.63,313.37,47.91,38.04,-40.93,-40.93,-82.7,-78.63,-52.52,-50.86,33233.32,5435.48,11695.44,10474.99,10294.89,5659.31,23797.33,5048.45
1.23333,-855.78,-912.69,591.26,378,95.85,82.07,-8.28,-8.28,-77.86,-65.01,-46.57,-42.21,29222.55,5262.96,11024.51,13221.93,9395.97,11588.82,20891.7,5122.52
1.24167,-861.29,-892.2,713.9,473.63,149.26,133.81,53.4,53.4,-62.7,-36.53,-31.02,-24.43,25623.9,5090.43,10494.92,26793.87,7991.11,25840.06,18113.35,5196.59
1.25,-873.39,-874.31,819.53,591.26,200.2,185.36,146.52,146.52,-32.02,14.78,-7.71,1.19,22483.51,4930.28,9559.1,57401.82,6306.58,50255.98,15589.72,5270.65
1.25833,-892.18,-861.41,892.16,713.9,238.7,227.41,260.42,260.42,22.48,97.48,23.55,34.86,19843.8,4777.2,9082.02,98996.77,4579.15,81362.89,13358.91,5344.72
1.26667,-916.87,-853.56,921.8,819.53,259.8,253.58,376.27,376.27,109.24,210.64,63,76.51,17743.76,4624.11,8407.93,139911.71,2988.17,112054.96,11384.74,5425.34
1.275,-947.7,-849.92,907.43,892.16,260.52,260.31,472.19,472.19,225.76,340.96,109.82,124.42,16150.84,4471.03,7486.17,171256.66,1634.58,135648.49,9610.37,5515.79
1.28333,-984.96,-850.32,857.06,921.8,243.85,248.84,531.24,531.24,357.28,466.32,160.11,173.49,14913.99,4317.94,6320.33,188305.6,539.84,148680.2,8023,5606.24
1.29167,-1025.03,-854.09,781.69,907.43,213.8,222.84,542.48,542.48,480.96,561.65,205.91,215.73,13809.71,4164.86,4984.36,190050.55,-330.55,150619.98,6693.79,5696.69
1.3,-1071.3,-859.17,695.33,857.06,178.33,189.07,511.93,511.93,571.89,610.53,239.28,244,12657.03,4011.78,3599.64,178590.5,-1033.48,142977.78,4806.02,5787.14
1.30833,-1123.24,-868.16,606.96,781.69,141.42,152.67,449.58,449.58,615.15,608.52,255.22,254.49,11342.54,3858.69,2306.11,157979.44,-1620.09,128445.59,4308.71,5877.58
1.31667,-1183.38,-883.17,523.59,695.33,108.03,118.27,370.39,370.39,607.78,563.45,252.76,246.51,9870.22,3705.61,1237.37,132768.39,-2117.97,110069.41,4260.64,5968.03
1.325,-1254.33,-903.87,451.22,606.96,79.13,88.05,290.31,290.31,558.77,485.35,231.9,221.85,8248.89,3566.3,493.76,106871.34,-2527.91,90583.23,4655.9,6058.48
1.33333,-1333.8,-930.01,389.86,523.59,54.67,62.27,217.28,217.28,478.11,389.84,198.61,186.54,6596.09,3438.47,146.45,82985.31,-2831.82,72020.05,5389.16,6148.93
1.34167,-1418.57,-961.81,337.49,451.22,36.6,42.25,157.21,157.21,381.75,293.13,158.87,146.28,5027.7,3310.64,1153.24,62529.29,-3000.5,55600.89,6284.61,6239.38
1.35,142.45,-998.24,294.12,389.86,21.85,26.49,110.01,110.01,285.61,207.69,117.66,106.37,3636.02,3182.81,1850.37,45923.33,-143.76,41843.76,7149.93,6328.31
1.35833,166.68,-1038.17,257.76,337.49,9.32,13.28,73.59,73.59,201.6,139.09,80.93,72.49,2473.94,3054.98,3036.41,32966.49,71.41,30782.7,7832.25,6415.72
1.36667,236.57,-1083.59,226.39,294.12,-0.11,2.89,46.83,46.83,134.62,88.56,53.63,47.13,1556.01,2927.16,4575.06,23146.95,483.57,22169.79,8252.05,6503.12
1.375,298.14,-1134.63,200.02,257.76,-6.51,-4.46,24.54,24.54,85.56,54.12,32.72,28.46,870.52,2799.33,6265.27,15869.06,1042.73,15629.24,8417.12,6590.53
1.38333,303.18,-1193.46,175.65,226.39,-9.95,-8.84,7.51,7.51,52.27,31.61,19.11,16.15,383.6,2671.5,7854.39,10566.66,1675.9,10762.47,8402.51,6677.93
1.39167,222.34,-1261.85,155.29,200.02,-12.48,-11.66,-6.41,-6.41,30.53,17.74,9.71,8.03,53.21,2543.67,9100.64,6762.45,2318.06,7201.36,9216.41,6765.34
1.4,46.25,-1337.81,137.92,175.65,-14.12,-13.58,-16.36,-16.36,17.15,8.32,4.42,3.07,-158.83,2428.05,9863.31,4078.87,2966.22,4627.56,9416.14,6852.75
1.40833,-196.22,-1418.57,124.56,155.29,-14.89,-14.64,-23.44,-23.44,7.97,2.11,0.19,-0.84,1023.34,2327.07,10163.15,2225.02,3769.38,2784.77,9933.32,6940.15
1.41667,-413.25,142.45,113.21,137.92,-13.79,-14.16,-26.72,-26.72,1.91,-1.02,-3.02,-3.41,1196.07,2226.1,10212.06,987.46,5659.31,1479.72,11317.2,7027.56
1.425,-489.94,166.68,104.88,124.56,-12.83,-13.15,-26.24,-26.24,-1.11,-3.08,-4.25,-4.33,1773.88,2125.13,10474.99,202.1,11588.82,565.24,17260.3,7114.97
1.43333,-430.4,236.57,100.61,113.21,-11,-11.61,-24,-24,-3.12,-4.13,-4.51,-4.61,4826.4,2024.16,13221.93,-296.47,25840.06,-103.18,34444.05,7191.28
1.44167,-271.24,298.14,97.45,104.88,-10.27,-10.52,-20.98,-20.98,-4.15,-3.22,-4.81,-4.92,18591.65,1923.18,26793.87,1166.91,50255.98,1540.45,64138.05,7260.2
1.45,-214.04,303.18,93.57,100.61,-9.65,-9.86,-17.17,-17.17,-3.21,-3.31,-5.16,-5.29,47708.25,1822.21,57401.82,848.19,81362.89,1090.49,100965.93,7329.12
1.45833,-179.4,222.34,85.29,97.45,-10.14,-9.98,-15.55,-15.55,-3.31,-4.45,-5.56,-5.71,84456.14,1721.24,98996.77,610.8,112054.96,746.83,136444.17,7398.04
1.46667,-117.19,46.25,70.29,93.57,-11.74,-11.19,-17.09,-17.09,-4.44,-5.66,-6.01,-6.18,117737.52,1620.26,139911.71,434.83,135648.49,486.98,162993.55,7466.97
1.475,-11.71,-196.22,50.87,85.29,-15.46,-14.18,-19.82,-19.82,-5.63,-8.94,-6.53,-6.38,140354.1,1528.59,171256.66,305.12,148680.2,293.65,175813.98,7535.89
1.48333,95.47,-413.25,30.17,70.29,-18.33,-17.34,-21.74,-21.74,-8.89,-13.34,-6.1,-6.32,149706.75,1453.19,188305.6,210.11,150619.98,152.28,173817.44,7604.81
1.49167,168.89,-489.94,11.52,50.87,-19.38,-19.01,-23.88,-23.88,-13.24,-18.84,-6.74,-6.98,146559.42,1377.78,190050.55,140.98,142977.78,51.2,159429.91,7673.73
1.5,196.08,-430.4,-1.59,30.17,-20.61,-20.18,-26.26,-26.26,-18.73,-23.58,-7.45,-8.07,133884.11,1302.38,178590.5,93.72,128445.59,-19.69,137147.39,7742.65
1.50833,211.22,-271.24,-10.1,11.52,-21.04,-20.89,-28.89,-28.89,-23.4,-29.46,-9.24,-9.89,115576.81,1226.98,157979.44,59.81,110069.41,-69.14,111714.89,7811.57
1.51667,289.32,-214.04,-17.18,-1.59,-19.67,-20.15,-28.8,-28.8,-29.31,-33.61,-11.13,-12.16,95298.51,1151.57,132768.39,35.11,90583.23,-101.21,86889.44,7861.93
1.525,330.42,-179.4,-19.98,-10.1,-19.49,-19.56,-27.98,-27.98,-33.5,-36.1,-14.12,-14.17,75737.22,1076.17,106871.34,17.24,72020.05,-121.5,64975.09,7904.33
1.53333,368.52,-117.19,-110.88,-17.18,-17.5,-18.21,-27.44,-27.44,-36.01,-37.94,-14.25,-14.34,58426.95,1000.76,82985.31,4.24,55600.89,-133.3,46958.01,7946.74
1.54167,416.62,-11.71,-100.89,-19.98,-16.69,-16.98,-27.17,-27.17,-37.87,-39.07,-14.51,-14.3,43964.73,925.36,62529.29,-5.38,41843.76,-138.89,32900.51,7989.14
1.55,473.72,95.47,-83.85,-110.88,-15.03,-15.63,-26.17,-26.17,-39.09,-38.69,-13.92,-14.46,32351.6,855.91,45923.33,-12.05,30782.7,-140.34,22361.38,8031.55
1.55833,538.82,168.89,-63.61,-100.85,-12.52,-13.43,-24.42,-24.42,-38.7,-38.56,-15.46,-15.71,23272.67,802.35,32966.49,-16.43,22169.79,-138.66,14700.25,8073.95
1.56667,593.92,196.08,-43.99,-83.74,-10.13,-11.01,-23.92,-23.92,-38.68,-36.78,-16.16,-15.75,16310.1,748.79,23146.95,-20.77,15629.24,-135.4,9267.64,8116.36
1.575,630.02,211.22,-25.82,-63.44,-6.85,-8.05,-22.65,-22.65,-37.03,-33.49,-15.01,-15.01,11062.07,695.23,15869.06,-26.2,10762.47,-131.94,5496.43,8158.76
1.58333,640.12,289.32,-9.92,-43.78,-5.63,-6.08,-20.6,-20.6,-33.74,-30.55,-15.01,-14.7,7168.35,641.67,10566.66,-32.87,7201.36,-128.73,2939.8,8201.16
1.59167,626.22,330.42,1.84,-25.59,-5.48,-5.54,-18.75,-18.75,-30.78,-28,-14.15,-13.89,4327.7,588.11,6762.45,-40.12,4627.56,-125.74,1259.24,8243.57
1.6,586.32,368.52,10.57,-9.72,-4.39,-4.8,-17.09,-17.09,-28.13,-26.45,-13.43,-13.22,2282.64,534.55,4078.87,-46.96,2784.77,-122.98,200.63,8265.39
1.60833,522.42,416.62,16.35,2.01,-3.34,-3.73,-14.59,-14.59,-26.76,-23.45,-12.85,-12.68,794.95,480.98,2225.02,-54.19,1479.72,-121.28,-509.94,8282.06
1.61667,446.52,473.72,20.2,10.71,-3.32,-3.33,-12.24,-12.24,-23.65,-21.6,-12.39,-11.53,2255.72,427.42,987.46,-61.8,565.24,-121.39,2050.9,8298.74
1.625,379.62,538.82,21.13,16.45,-2.34,-2.71,-11.02,-11.02,-21.78,-19.96,-10.05,-9.59,1398.34,376.99,202.1,-69.85,-103.18,-121.83,1388.7,8315.41
1.63333,337.71,593.92,20.14,20.23,-1.38,-1.74,-9.91,-9.91,-20.13,-18.53,-8.81,-8.38,806.52,340.65,-296.47,-78.75,1540.45,-123.05,894.71,8332.09
1.64167,325.81,630.02,20.24,21.1,-1.43,-1.41,-9.9,-9.9,-18.68,-17.15,-7.66,-7.26,405.94,304.31,1166.91,-89.52,1038.28,-125.24,529.84,8348.76
1.65,330.91,640.12,19.43,20.15,-1.51,-1.48,-8.99,-8.99,-17.42,-15.06,-6.59,-6.59,140.55,267.96,788.5,-103.47,670.31,-127.6,268.23,8365.43
1.65833,1390.1,626.22,18.71,20.21,-2.6,-2.18,-8.17,-8.17,-15.32,-13.27,-6.58,-6.23,-30.53,231.62,528.9,-119.01,403.87,-129.39,86.09,8382.11
1.66667,1386.82,586.32,19.08,19.4,-2.72,-2.67,-8.44,-8.44,-13.38,-12.33,-5.64,-5.31,-135.21,195.28,350.33,-134.7,215.17,-130.4,-35.57,8398.78
1.675,1350.49,522.42,19.53,18.73,-2.86,-2.81,-8.79,-8.79,-12.57,-10.81,-4.76,-4.44,-195.74,158.93,227.82,-147.69,84.19,-129.96,-113.12,8415.45
1.68333,1274.38,446.52,20.08,19.1,-3.04,-2.97,-10.24,-10.24,-10.89,-10.09,-3.92,-4,-224.87,122.59,143.99,-157.99,-3.52,-127.32,-157.44,8415.79
1.69167,1161.78,379.62,20.71,19.56,-4.24,-3.77,-10.78,-10.78,-10.32,-8.79,-4.13,-4.22,-233.99,86.25,87.88,-165.37,-62.94,-125.79,-178.08,8414.32
1.7,1020.05,337.71,21.43,20.11,-5.49,-5,-9.42,-9.42,-8.85,-8.25,-4.38,-4.1,-228.27,51.09,49.85,-169.39,-99.76,-124.47,-185.32,8412.84
1.70833,867.53,325.81,21.24,20.75,-5.79,-5.67,-9.16,-9.16,-8.47,-6.96,-3.66,-3.79,-213.69,27.76,24.45,-171.68,-122.4,-124.01,-183.29,8411.37
1.71667,715.59,330.91,22.13,21.42,-4.13,-4.79,-9.99,-9.99,-7.17,-5.74,-3.99,-3.74,-192.16,4.44,7.39,-172.12,-135.14,-122.81,-177.01,8409.89
1.725,571.65,1390.1,21.11,21.29,-1.51,-2.56,-9.92,-9.92,-5.95,-4.76,-3.36,-3.12,-163.45,-18.88,-4.53,-170.98,-140.13,-120.66,-167.46,8408.41
1.73333,443.09,1289.6,20.17,22.07,-1.91,-1.75,-9.94,-9.94,-4.78,-4.85,-2.75,-2.53,-131.33,-42.21,-12.45,-168.72,-140.46,-118.22,-156.54,8406.94
1.74167,330.34,928.54,19.32,21.05,-0.33,-0.97,-9.07,-9.07,-4.67,-5.81,-2.18,-2.36,-95.48,-65.53,-17.48,-165.22,-137.15,-115.67,-147.18,8405.46
1.75,229.69,520.23,18.53,20.11,-0.76,-0.58,-9.28,-9.28,-5.61,-6.62,-2.63,-2.82,-60.58,-88.86,-22.67,-160.43,-133.17,-112.28,-139.29,8403.98
1.75833,138.31,211.41,17.83,19.26,-0.19,-0.42,-10.59,-10.59,-6.61,-6.48,-3.11,-2.91,-27.29,-112.18,-30.09,-155.36,-129.52,-107.58,-134.81,8402.51
1.76667,55.33,-23.05,16.19,18.48,1.38,0.73,-11.01,-11.01,-6.67,-5.61,-2.61,-2.42,1.69,-135.5,-38.82,-150.73,-126.14,-104.65,-132.68,9216.41
1.775,-23.05,-215.93,14.62,17.7,1.96,1.72,-9.52,-9.52,-5.79,-5.01,-2.14,-1.96,25.63,-158.83,-46.94,-145.06,-123.02,-100.9,-133.9,9416.14
1.78333,-94.62,-398.13,12.12,16.07,3.55,2.89,-9.13,-9.13,-4.96,-5.03,-1.69,-1.11,41.76,1023.34,-55.52,-138.3,-121.13,-98.57,-137.46,9933.32
1.79167,-163.08,-583.79,9.67,14.42,5.16,4.48,-8.83,-8.83,-5.19,-4.54,-0.25,-0.49,50.23,1196.07,-64.66,-131.18,-121.45,-95.9,-143.4,11317.2
1.8,-229.14,-778.35,7.28,11.91,5.78,5.52,-7.61,-7.61,-4.47,-4.88,-0.83,-1.07,48.11,1773.88,-74.45,-124.48,-121.98,-93.47,-150.78,17260.3
1.80833,-293.45,-1010.19,4.94,9.46,6.43,6.15,-5.46,-5.46,-4.8,-5.03,-1.41,-1.66,37.39,4826.4,-86,-118.7,-123.73,-90.91,-156.64,34444.05
1.81667,-358.67,-74.17,5.64,7.06,8.09,7.39,-3.36,-3.36,-5.17,-4.71,-2.02,-2.69,21.99,18591.65,-102.43,-114.63,-126.71,-87.8,-162.05,64138.05
1.825,-424.44,-24.62,7.38,5,8.78,8.49,-1.29,-1.29,-4.59,-5.2,-3.64,-3.91,1.76,47708.25,-120.88,-110.66,-128.94,-84.14,-167.05,100965.93
1.83333,-490.41,267.93,5.17,5.81,7.48,8.04,1.76,1.76,-5.06,-5.74,-4.3,-4.59,-21.47,84456.14,-139.53,-106.76,-130.44,-78.87,-170.7,136444.17
1.84167,-557.25,1025.48,1.98,7.16,6.21,6.76,4.83,4.83,-5.59,-5.8,-4.99,-4.47,-43.92,117737.52,-153.53,-102.9,-130.22,-72.63,-173.02,162993.55
1.85,-623.6,2456.03,-0.19,4.84,5.96,6.07,7.92,7.92,-6.16,-4.71,-3.73,-3.64,-63.78,140354.1,-164.01,-99.88,-127.27,-64.34,-173.04,175813.98
1.85833,-689.15,4610.58,-1.36,1.75,5.73,5.83,10.05,10.05,-4.79,-4.4,-3.51,-3,-82.26,149706.75,-169.09,-98.68,-125.59,-55.75,-168.73,173817.44
1.86667,-762.55,7270.13,-2.55,-0.32,4.52,5.04,12.22,12.22,-4.48,-4.42,-2.32,-2.25,-96.52,146559.42,-171.81,-98.2,-124.15,-46.09,-162.07,159429.91
1.875,-841.53,9966.68,-2.75,-1.5,3.32,3.84,14.44,14.44,-4.2,-5.21,-2.15,-2.52,-107.71,133884.11,-172.2,-96.91,-123.94,-34,-152.99,137147.39
1.88333,-926.84,12148.23,-3.98,-2.57,2.14,2.66,16.71,16.71,-4.98,-5.76,-3.01,-2.54,-116.94,115576.81,-170.28,-96.18,-121.95,-19.97,-141.41,111714.89
1.89167,-1010.19,13404.78,-3.24,-2.89,1.98,2.05,18.02,18.02,-5.8,-5.96,-1.9,-1.86,-120.28,95298.51,-167.03,-95.62,-119.17,-5.28,-129.22,86889.44
1.9,-74.17,13593.33,-4.55,-3.89,1.83,1.9,19.39,19.39,-5.68,-6.92,-1.81,-2.21,-120.79,75737.22,-161.41,-94.69,-116.56,9.36,-115.29,64975.09
1.90833,-24.62,12833.88,-4.89,-3.4,1.69,1.75,18.81,18.81,-6.62,-7.65,-2.74,-3.15,-119.47,58426.95,-155.39,-93.04,-113.09,23.88,-101.51,46958.01
1.91667,267.93,11437.99,-5.28,-4.59,1.57,1.63,18.28,18.28,-7.62,-7.75,-3.7,-3.69,-117.32,43964.73,-149.9,-90.63,-107.74,37.83,-88.73,32900.51
1.925,1025.48,9707.39,-4.72,-4.94,0.46,0.96,16.8,16.8,-7.7,-7.6,-3.69,-3.7,-114.31,32351.6,-142.89,-86.46,-104.47,52,-76.85,22361.38
1.93333,2456.03,7907.11,-5.21,-5.21,0.35,0.4,15.38,15.38,-7.85,-6.84,-3.72,-4.18,-106.42,23272.67,-134.28,-82.17,-100.22,64.71,-67.75,14700.25
1.94167,4610.58,6223.48,-4.75,-4.79,-0.76,-0.26,13,13,-7.07,-6.48,-4.78,-4.39,-98.58,16310.1,-126.01,-76.68,-97.98,76.88,-61.35,9267.64
1.95,7270.13,4758.47,-4.33,-5.15,0.14,-0.27,11.67,11.67,-6.36,-6.52,-3.89,-3.51,-93.72,11062.07,-118.99,-70.02,-94.7,87.22,-56.57,5496.43
1.95833,9966.68,3546.7,-3.95,-4.69,0.03,0.08,9.38,9.38,-6.72,-5.61,-3.03,-2.66,-89.81,7168.35,-114.16,-62.46,-92.37,95.48,-55.38,2939.8
1.96667,12148.23,2586.01,-3.62,-4.28,0.93,0.51,6.13,6.13,-6.14,-4.1,-2.2,-1.84,-88.81,4327.7,-109.46,-54.08,-88.94,101.66,-54.75,1259.24
1.975,13404.78,1849.32,-2.31,-3.9,0.83,0.87,2.91,2.91,-4.62,-2.26,-1.39,-1.04,-89.7,2282.64,-104.86,-46.12,-85.38,105.42,-56.67,200.63
1.98333,13593.33,1299.55,-2.03,-3.42,0.73,0.78,0.71,0.71,-3.13,0.21,-0.6,-0.24,-89.47,794.95,-100.3,-37,-79.66,106.55,-59.17,-509.94
1.99167,12833.88,896.52,-0.77,-2.27,-0.35,0.15,-1.47,-1.47,-0.68,3.05,0.19,0.55,-90.14,2255.72,-98.74,-27.93,-72.71,105.48,-61.26,2050.9
2,11437.99,605.82,0.49,-1.84,-0.44,-0.4,-1.67,-1.67,1.77,6.93,0.98,1.34,-91.71,1358.41,-98.18,-19.48,-63.47,101.49,-64.96,1329.42
2.00833,9707.39,400.32,1.74,-0.57,-0.53,-0.49,-1.87,-1.87,5.24,11.87,1.77,2.6,-91.18,752.47,-96.58,-11.57,-53.84,92.65,-68.3,807.14
2.01667,7907.11,253.07,2.02,0.69,0.38,-0.05,-2.1,-2.1,9.75,17.49,3.59,3.97,-91.55,352.23,-95.95,-4,-42.73,82.48,-71.31,435.66
2.025,6223.48,138.26,4.31,1.79,1.29,0.86,-2.34,-2.34,15.32,22,4.42,5.27,-92.84,94.38,-95.26,2.09,-28.02,72.47,-73.02,180.81
2.03333,4758.47,624.31,4.62,2.4,2.21,1.77,-1.61,-1.61,20.94,24.34,6.26,6.67,-95.04,-65.84,-93.51,8.99,-11.57,65.84,-73.45,13.1
2.04167,3546.7,506.28,5.95,4.36,3.14,2.69,-0.88,-0.88,23.64,26.14,7.14,8.02,-96.19,-159.71,-90.67,14.71,4.76,62.95,-72.59,-91.41
2.05,2586.01,411.03,6.31,4.85,3.07,3.1,-1.18,-1.18,25.4,27.62,9.03,9.46,-96.28,-209.5,-85.72,20.12,21.12,63.93,-71.44,-150.35
2.05833,1849.32,331.43,7.69,6.01,3.02,3.05,-1.48,-1.48,27.24,28.16,9.95,9.92,-96.31,-229.8,-80.6,25.98,36.66,68.54,-68.99,-177.25
2.06667,1299.55,265.68,7.1,6.56,2.98,3,-1.8,-1.8,28.16,27.77,9.89,9.88,-96.29,-230.52,-73.27,32.84,52.48,75.21,-66.22,-185.16
2.075,896.52,213.84,6.54,7.59,2.96,2.97,-2.14,-2.14,28.16,26.45,9.86,8.91,-92.2,-218.44,-64.66,41.21,66.62,81.96,-63.09,-182.03
2.08333,605.82,168.59,6.01,7,2.94,2.95,-3.51,-3.51,27.24,24.64,7.86,7.39,-86,-197.71,-54.67,50.62,80.1,87.39,-57.57,-173.96
2.09167,400.32,130.3,5.51,6.44,2.94,2.94,-3.9,-3.9,25.4,22.46,6.88,6.42,-76.62,-168.92,-45.22,60.21,90.94,90.46,-50.62,-162.65
2.1,253.07,99.39,6.04,5.92,1.94,2.43,-4.33,-4.33,23.63,19.35,5.92,5.48,-64.98,-135.28,-34.21,70,99.15,90.64,-43.15,-151.3
2.10833,138.26,76.93,5.6,5.61,2.96,2.46,-3.81,-3.81,20.95,15.29,4.99,4.07,-51.97,-97.47,-23.54,79.61,104.73,89.27,-36.12,-141.82
2.11667,624.31,56.45,5.19,5.95,2.99,2.98,-4.32,-4.32,17.33,11.2,3.08,2.65,-37.45,-60.18,-14.12,88.74,106.71,86.58,-29.45,-135.71
2.125,522.51,38.83,4.81,5.51,3.03,3.01,-4.88,-4.88,12.78,8.18,2.19,1.28,-21.3,-24.99,-4.83,97.22,106.07,81.12,-23.06,-132.85
2.13333,438.4,25.02,5.47,5.11,2.08,2.55,-5.48,-5.48,9.3,5.76,0.32,0.38,-3.35,5.2,2.39,102.84,101.82,73.42,-14.9,-134.04
2.14167,367.49,15.23,7.16,4.94,1.14,1.61,-5.14,-5.14,6.87,3.39,0.45,0.03,13.56,29.09,10.63,107.22,91.96,65.42,-8.89,-138.41
2.15,305.2,7.75,6.89,5.82,0.21,0.68,-4.84,-4.84,4.49,1.53,-0.41,-0.34,30.57,44.15,16.97,109.87,80.48,57.47,-1.96,-145.47
2.15833,254,3.59,7.66,7.11,-0.71,-0.25,-3.59,-3.59,2.16,0.21,-0.28,-0.7,46.82,49.49,23.46,110.28,69.38,48.93,6.95,-153.12
2.16667,212.38,2.66,8.47,7.06,0.36,-0.18,-4.38,-4.38,0.84,-1.1,-1.14,-1.08,63.36,43.64,31.15,108.18,63.65,39.75,17.95,-159.45
2.175,173.91,2.82,9.32,7.84,0.44,0.4,-4.21,-4.21,-0.46,-2.43,-1.02,-0.97,80.23,29.93,41.07,103.71,62.29,30.75,30.12,-165.25
2.18333,140.21,1.63,9.21,8.66,1.52,0.97,-4.09,-4.09,-1.77,-3.78,-0.91,-1.36,94.47,10.83,52.24,97.32,66.29,22.65,42.55,-169.83
2.19167,111.95,-1.62,10.15,9.3,1.61,1.56,-4,-4,-3.1,-4.65,-1.81,-1.77,107.1,-12.62,63.68,90.39,73.65,16.77,56.28,-172.75
2.2,88.85,-6.8,10.13,9.42,1.71,1.66,-3.95,-3.95,-4.45,-5.08,-1.72,-1.69,119.14,-36.88,75.41,83.65,81.36,13.39,70.36,-173.04
2.20833,72.67,-13.37,10.16,10.15,0.82,1.28,-3.95,-3.95,-4.85,-5.55,-1.65,-2.13,129.62,-58.9,86.44,77.13,87.43,10.75,86.81,-167.93
2.21667,55.23,-17.75,10.24,10.14,0.94,0.88,-2.98,-2.98,-5.29,-6.08,-2.61,-2.59,138.54,-78.96,96.78,70.82,90.84,7.39,103.66,-159.89
2.225,40.36,-20.97,10.37,10.18,2.07,1.48,-3.04,-3.04,-5.79,-7.2,-2.58,-3.09,144.93,-94.94,103.46,64.54,90.58,3.3,117.94,-148.82
2.23333,27.91,-23.72,11.54,10.27,1.22,1.66,-3.13,-3.13,-6.34,-8.33,-3.59,-3.6,149.79,-107.22,108.47,57.74,88.66,-1.7,128.66,-135.56
2.24167,18.76,-25.96,11.77,10.65,1.37,1.29,-3.26,-3.26,-7.96,-8.53,-3.62,-4.17,149.13,-117.01,110.84,48.67,85.06,-8.27,135.86,-120.86
2.25,11.83,-25.15,12.05,11.6,1.54,1.45,-3.41,-3.41,-8.65,-8.35,-4.7,-5.79,144.94,-120.33,109.55,41.18,76.76,-15.8,142.55,-105.37
2.25833,6.02,-25.36,13.39,11.84,0.72,1.15,-4.61,-4.61,-8.43,-8.25,-6.83,-6.93,138.23,-120.58,104.61,32.5,67.75,-25.1,145.74,-90.78
2.26667,3.3,-24.72,13.78,12.38,0.92,0.82,-4.85,-4.85,-8.29,-8.23,-7.02,-7.15,127.97,-118.98,97.02,22.29,59.01,-33.35,146.45,-77.33
2.275,2.63,-23.23,14.23,13.49,2.13,1.49,-4.13,-4.13,-8.22,-7.73,-7.27,-6.92,114.16,-116.43,88.77,10.58,49.53,-41.49,146.67,-67.24
2.28333,2.99,-22.46,13.73,13.89,2.35,2.23,-3.44,-3.44,-8.24,-5.71,-6.59,-6.27,100.78,-111.46,80.84,-2.92,39.28,-48.96,146.43,-60.39
2.29167,2.38,-21.6,13.28,14.1,2.6,2.47,-2.79,-2.79,-7.33,-2.29,-5.97,-5.68,88.8,-103.06,73.23,-16.44,29.25,-56,145.7,-56.19
2.3,0.79,-19.89,11.89,13.61,4.87,3.65,-2.17,-2.17,-4.48,3.87,-5.4,-3.03,78.2,-96.17,65.92,-30.85,20.41,-62.61,143.49,-55.1
2.30833,-2.82,-18.82,11.56,12.92,8.18,6.4,-0.57,-0.57,-0.67,11.16,-0.88,1.5,68.95,-91.52,57.9,-42.59,14.75,-67.31,140.79,-55.83
2.31667,-7.45,-18.27,11.28,11.8,10.51,9.25,2.04,2.04,7.14,16.89,3.65,6.57,59.04,-89.18,47.14,-52.49,12.23,-70.24,137.59,-58.37
2.325,-13.17,-18.85,13.05,11.48,10.87,10.68,4.65,4.65,13.99,21.25,9.2,12.69,48.44,-89.43,38.62,-60.8,8.82,-72.09,131.86,-60.84
2.33333,-17.01,-18.67,14.88,11.76,12.28,11.51,7.29,7.29,18.89,24.07,15.8,18.81,37.1,-89.53,27.33,-66.76,4.49,-72.8,121.59,-64.66
2.34167,-20.01,-18.14,14.76,13.55,12.71,12.47,9.95,9.95,22.85,26.14,21.47,24.53,27.01,-90.03,14.21,-70.29,-0.8,-73.26,105.74,-68.42
2.35,-22.2,-16.84,14.68,14.84,14.19,13.38,12.65,12.65,24.87,27.06,27.21,29.25,15.12,-91.55,-1.82,-70.33,-8.12,-72.17,83.29,-71.59
2.35833,-24.61,-16.35,12.66,14.74,13.7,13.97,13.37,13.37,26.96,26.65,31.03,32.05,0.32,-91.19,-17.87,-71.31,-16.52,-70.38,59.21,-73.14
2.36667,-26.25,-16.85,11.68,14.12,13.25,13.5,14.13,14.13,27.12,25.3,32.94,33.47,-18.5,-91.6,-35.11,-71.48,-27.1,-67.42,34.43,-73.1
2.375,-25.14,-17.73,10.75,12.38,10.84,12.17,12.92,12.92,26.36,22.37,33.93,32.89,-36.51,-93.06,-47.67,-70.41,-35.95,-63.67,10.89,-71.99
2.38333,-25.28,-20.1,8.86,11.42,9.46,10.23,11.75,11.75,24.66,18.13,32.01,31.57,-54.88,-95.24,-58.68,-68.44,-45.15,-59.92,-11.57,-69.87
2.39167,-25.67,-20.84,6,10.2,8.12,8.87,10.61,10.61,21.03,14.22,31.19,29.7,-71.78,-96.21,-66.25,-65.58,-52.79,-55.65,-31.14,-66.88
2.4,-23.31,-20.09,3.18,8.02,5.81,7.11,7.5,7.5,16.47,11.39,28.45,26.45,-85.37,-96.29,-70.44,-62.42,-60.94,-53.23,-46,-63.46
2.40833,-23.17,-24.22,1.38,5.17,3.54,4.81,4.41,4.41,12.97,8.97,24.8,22.84,-95.77,-96.3,-70.3,-58.29,-66.68,-49.55,-59.28,-57.57
2.41667,-22.27,-31.58,-0.4,2.65,1.28,2.55,1.36,1.36,10.53,5.94,21.22,18.75,-102.09,-94.49,-71.85,-54.81,-70.07,-45.44,-67.11,-49.72
2.425,-21.59,-38.06,-2.19,0.85,0.04,0.74,0.31,0.31,8.14,3.94,16.73,14.84,-106.39,-89.05,-71.1,-50.44,-72.13,-41.62,-73.58,-41.47
2.43333,-20.12,-44.15,-4.01,-0.95,-1.2,-0.5,0.27,0.27,4.8,3.33,13.3,10.89,-107.72,-80.6,-69.04,-45.06,-72.9,-37.5,-76.76,-33.72
2.44167,-18.85,-50.17,-4.86,-2.75,-1.45,-1.31,-1.77,-1.77,3.51,2.41,8.95,7.11,-106.09,-69.14,-65.65,-41.21,-73.37,-33.94,-77.67,-26.38
2.45,-18.77,-57.63,-6.76,-4.27,-1.71,-1.56,-3.84,-3.84,3.24,0.49,5.64,3.83,-102.5,-55.74,-61.9,-37.68,-71.56,-30.59,-76.34,-18.16
2.45833,-17.87,-66.55,-8.72,-5.45,-1.99,-1.83,-4.93,-4.93,2.01,-1.05,2.39,0.58,-98.91,-40.68,-56.76,-33.67,-69.45,-27.32,-74.75,-10.57
2.46667,-19.16,-77.2,-9.77,-7.38,-3.29,-2.55,-5.07,-5.07,-0.21,-2.98,-0.85,-2.67,-94.29,-23.8,-53.18,-27.99,-65.02,-25.07,-72.89,-3.07
2.475,-18.64,-90.29,-9.91,-9.06,-3.63,-3.44,-5.26,-5.26,-1.43,-4.55,-4.09,-4.81,-87.58,-4.92,-46.11,-20.42,-61.23,-23.82,-69.75,6.6
2.48333,-18.31,-105.63,-11.15,-9.82,-4,-3.78,-5.5,-5.5,-3.66,-5.15,-5.36,-4.97,-78.73,13.22,-41.51,-10.64,-56.03,-23.56,-66.3,18.92
2.49167,-17.16,-124.95,-11.5,-10.31,-5.41,-4.59,-5.79,-5.79,-4.93,-5.5,-4.68,-4.88,-70.66,31.34,-37.32,1.68,-53.4,-24.4,-62.5,32.6
2.5,-16.21,-145.56,-11.96,-11.27,-6.88,-6.02,-7.15,-7.15,-5.24,-5.18,-5.04,-5.27,-61.28,48.72,-32.49,16.17,-49.3,-24.65,-59.31,46.94
2.50833,-16.48,-169.29,-12.54,-11.65,-7.4,-7.1,-6.57,-6.57,-5.6,-5.35,-5.45,-5.71,-53.52,66.44,-24.96,33.22,-44.68,-25.68,-54.71,62.48
2.51667,-17,242.54,-12.24,-12.15,-7,-7.24,-6.05,-6.05,-5.01,-5.85,-5.91,-5.64,-46.29,83.79,-14.66,53.18,-40.5,-26.53,-49.64,79.57
2.525,-17.8,246.71,-12.05,-12.44,-6.67,-6.87,-7.6,-7.6,-5.48,-5.68,-5.43,-5.76,-39.53,98.48,-0.47,75.15,-35.72,-28.26,-44.06,98.27
2.53333,-19.94,263.1,-10.98,-12.17,-7.41,-6.97,-9.23,-9.23,-5.99,-6.03,-6.01,-5.8,-35.18,111.74,16.73,99.13,-32.3,-31.42,-36.91,115.08
2.54167,-21.45,281.81,-9.01,-11.69,-8.22,-7.74,-9.95,-9.95,-5.57,-5.97,-5.64,-5.46,-32.19,123.88,37.1,124.94,-28.21,-34.79,-32.13,127.81
2.55,-19.39,300.18,-7.13,-10.3,-10.12,-8.99,-9.76,-9.76,-6.2,-5.7,-5.33,-5.18,-29.52,134.26,61.78,151.04,-25.4,-37.19,-26.67,136.13
2.55833,-20.82,321.19,-5.32,-8.36,-11.12,-10.52,-9.67,-9.67,-5.89,-5.49,-5.07,-5.54,-28.16,142.29,88.86,175.13,-23.86,-39.89,-22.49,143.06
2.56667,-25.79,341.44,-2.56,-6.5,-12.22,-11.56,-9.68,-9.68,-5.64,-5.33,-5.87,-6.96,-27.09,148.11,119.4,195.4,-23.56,-42.9,-17.52,145.94
2.575,-32.39,359.79,-0.83,-4.35,-11.43,-11.9,-10.78,-10.78,-5.44,-5.23,-7.73,-8.28,-28.29,149.31,150.45,211.43,-24.5,-46.29,-12.73,146.54
2.58333,-37.7,378.18,0.89,-1.95,-8.74,-10.36,-12,-12,-5.3,-4.4,-8.67,-8.68,-30.79,145.82,179.05,222.72,-24.68,-49.28,-10.09,146.55
2.59167,-42.82,397.58,2.61,-0.21,-5.13,-7.31,-13.33,-13.33,-5.21,-4.17,-8.68,-8.74,-33.6,139.19,202.23,228.96,-26.12,-51.21,-8.55,145.96
2.6,-47.85,416.98,3.34,1.51,-1.56,-3.72,-14.8,-14.8,-4.17,-5,-8.78,-9.49,-36.75,128.75,219.04,230.09,-26.82,-52.51,-8.11,144.02
2.60833,-52.92,436.39,4.08,2.88,2.99,0.22,-15.41,-15.41,-4.17,-5.3,-9.98,-9.55,-40.26,114.27,228.47,224.82,-29.79,-53.41,-8.76,141.12
2.61667,-60.17,456.8,3.83,3.61,7.57,4.78,-16.17,-16.17,-5.22,-6.25,-9.26,-9.49,-44.17,100.06,230.56,212.45,-34.07,-53.94,-10.52,137.59
2.625,-67.74,474.21,4.6,3.99,13.2,9.76,-17.1,-17.1,-5.32,-8.28,-9.64,-10.53,-46.51,87.45,224.3,194.87,-36.68,-53.61,-16.4,130.63
2.63333,-76.82,491.62,4.38,4.12,18.91,15.41,-19.19,-19.19,-6.49,-10.59,-11.12,-11.47,-48.31,76.4,208.69,173.13,-39.66,-51.46,-22.45,117.78
2.64167,-87.62,511.03,4.17,4.51,23.71,20.76,-21.48,-21.48,-8.72,-12.2,-11.71,-12.13,-49.58,66.36,185.71,147.69,-43.03,-48.17,-28.72,97.66
2.65,-99.34,530.44,3.97,4.3,28.6,25.58,-21.97,-21.97,-11.04,-12.91,-12.42,-12.92,-51.33,55.55,157.34,118.79,-46.82,-45.29,-34.29,71.73
2.65833,-114.27,542.85,4.79,4.09,32.6,30.12,-20.66,-20.66,-12.46,-14.39,-13.24,-13.83,-51.59,43.94,123.55,87.41,-50.08,-41.13,-41.19,44.34
2.66667,-131.67,555.26,4.62,4.28,34.7,33.39,-18.54,-18.54,-13,-14.52,-14.2,-14.87,-52.36,32.42,86.3,58.05,-51.82,-35.69,-47.49,17.48
2.675,-148.89,566.67,2.45,4.72,36.92,35.53,-13.59,-13.59,-14.68,-15.29,-15.31,-15.46,-50.63,20.69,51.53,30.32,-53.07,-28.32,-52.26,-7.98
2.68333,-169.29,577.08,0.3,3.77,39.25,37.79,-6.75,-6.75,-14.49,-16.39,-15.56,-15.8,-48.38,6.25,19.14,4.61,-53.84,-20.82,-55.52,-30.36
2.69167,242.54,589.49,-0.86,1.61,40.7,39.79,2.04,2.04,-15.45,-16.79,-15.96,-16.92,-42.6,-12.22,-10.09,-17.65,-54.13,-14.29,-55.3,-47.06
2.7,246.71,600.9,-3.03,-0.16,41.28,40.92,13.85,13.85,-16.56,-18.07,-17.53,-18.6,-37.23,-31.72,-32.38,-35.39,-51.94,-8.36,-51.6,-60.84
2.70833,263.1,611.31,-4.23,-1.72,39.98,40.8,26.78,26.78,-16.83,-18.82,-19.28,-20.47,-30.21,-51.23,-48.94,-49.16,-48.26,-2.5,-45.39,-69.18
2.71667,281.81,620.71,-5.47,-3.51,37.79,39.18,41.87,41.87,-18.28,-21.35,-21.21,-22.54,-22.49,-69.57,-57.93,-56.72,-45.04,3.43,-36.6,-74.98
2.725,300.18,630.12,-7.76,-4.73,34.73,36.67,56.18,56.18,-18.91,-23.5,-23.36,-24.22,-12.97,-84.5,-59.42,-58.98,-40.26,10.19,-26.16,-77.27
2.73333,321.19,637.53,-9.13,-6.4,31.77,33.65,69.72,69.72,-21.73,-24.88,-24.74,-26.38,-1.57,-95.79,-54.43,-56.67,-33.87,19.7,-11.94,-76.76
2.74167,341.44,644.94,-9.59,-8.32,25.92,29.66,82.52,82.52,-23.77,-25.48,-27.37,-29.19,9.81,-102.4,-42.93,-49.91,-24.8,29.4,4.16,-75.07
2.75,359.79,652.35,-12.15,-9.32,20.17,23.85,93.59,93.59,-25.03,-27.12,-30.28,-32.29,24.3,-106.58,-25.8,-38.9,-16.97,40.65,23.32,-73.04
2.75833,378.18,658.76,-12.82,-10.65,14.5,18.14,102.95,102.95,-25.54,-29.14,-33.49,-35.71,40,-107.39,-4.89,-24.18,-10.32,52,40.66,-69.61
2.76667,397.58,664.17,-13.62,-12.43,9.92,12.88,107.61,107.61,-27.31,-31.45,-37.03,-38.85,56.99,-105.11,18.98,-6.57,-3.77,63.28,57.31,-65.69
2.775,416.98,668.58,-13.54,-13.16,5.41,8.33,109.58,109.58,-29.35,-31.34,-39.93,-41.38,75.31,-101.27,45.01,13.29,2.74,74.48,74.33,-61.6
2.78333,436.39,672.99,-12.59,-13.58,1.94,4.19,108.85,108.85,-31.68,-32.16,-42.22,-43.29,92.02,-97.02,71.38,34.71,10.29,84.94,92.75,-57.47
2.79167,456.8,675.4,-11.77,-13.14,-1.51,0.73,104.43,104.43,-31.31,-29.69,-43.92,-43.99,108.14,-91.09,95.17,56.78,20.94,94.45,109.64,-52.07
2.8,474.21,676.81,-11.06,-12.24,-4.98,-2.72,96.31,96.31,-32.24,-24.37,-44.03,-43.1,119.72,-82.77,118.42,78.25,31.79,104.16,126.02,-46.07
2.80833,491.62,677.22,-10.46,-11.46,-6.48,-5.5,84.49,84.49,-29.46,-12.49,-42.56,-38.03,128.77,-73.8,139.16,98.21,44.9,111.74,140.94,-38.63
2.81667,511.03,678.63,-9.97,-10.8,-9.05,-7.36,71.94,71.94,-23.95,3.56,-35.47,-27.91,132.34,-64.3,157.43,117.8,57.31,116.38,154.42,-32.7
2.825,530.44,679.04,-7.57,-10.25,-9.69,-9.27,57.65,57.65,-11.62,25.6,-23.68,-11.72,133.44,-55.49,171.22,135.34,70.07,119.74,168.51,-26.67
2.83333,542.85,676.45,-7.24,-8.91,-8.43,-9.26,44.6,44.6,4.62,52.02,-5.08,12.07,132.1,-47.64,178.56,151.18,82.2,121.97,179.22,-21.89
2.84167,555.26,672.86,-6,-7.42,-8.24,-8.36,31.77,31.77,26.92,80.9,21.51,43.37,129.35,-40.34,182.46,164.32,92.74,123.61,187.59,-16.37
2.85,566.67,667.27,-6.81,-6.69,-8.14,-8.21,20.14,20.14,53.44,113.16,55.3,80.07,124.2,-35.41,178.91,173.73,103.72,125.38,194.64,-11.78
2.85833,577.08,661.67,-6.7,-6.36,-8.11,-8.13,9.66,9.66,82.28,143.11,93.47,119.93,119.68,-32.15,170.91,179.28,112.18,128.29,198.37,-9.35
2.86667,589.49,656.08,-7.66,-6.76,-7.17,-7.8,1.27,1.27,114.52,168.57,134.13,160.38,114.81,-29.41,160.45,182.36,117.15,133.32,199.81,-8.29
2.875,600.9,648.49,-7.69,-7.14,-5.28,-6.54,-6.11,-6.11,144.19,188.5,174.35,198.46,109.61,-28,145.5,179.37,120.65,140.48,198.95,-8.58
2.88333,611.31,637.9,-8.8,-7.67,-3.45,-4.68,-12.53,-12.53,169.34,199.95,211.18,231.2,106.1,-27.35,127.04,173.22,122.72,149.79,195.8,-10.24
2.89167,620.71,626.31,-8.99,-8.2,-0.65,-2.54,-17.07,-17.07,188.99,203.83,241.67,254.96,105.31,-29.01,106.06,165.12,124.39,161.53,189.34,-16.16
2.9,630.12,613.72,-10.28,-8.89,-0.87,-0.72,-18.75,-18.75,200.17,198.2,261.85,268.39,111.27,-31.78,85.5,154.53,126.69,176.31,181.58,-22.95
2.90833,637.53,602.13,-10.67,-9.59,-2.11,-1.27,-19.61,-19.61,203.88,185.99,271.75,271.5,124.01,-34.93,64.34,141.1,131.64,192.7,170.48,-29.84
2.91667,644.94,590.54,-11.16,-10.46,-2.37,-2.19,-19.65,-19.65,198.15,168.23,271.38,262.98,142.59,-38.46,43.53,125.36,139.28,209.93,160.03,-36.49
2.925,652.35,577.95,-10.76,-10.9,-1.64,-2.13,-17.88,-17.88,185.96,146.96,258.73,244.14,167.02,-42.43,25.02,107.68,149.63,227.84,147.21,-43.96
2.93333,658.76,565.36,-11.46,-10.97,-0.93,-1.41,-17.28,-17.28,168.31,124.18,236.82,218.64,198.37,-45.63,5.71,90.33,162.73,244.89,132.98,-50.16
2.94167,664.17,552.77,-12.29,-11.09,-0.23,-0.71,-16.85,-16.85,147.17,100.87,209.6,189.14,234.67,-47.75,-10.55,72.65,179.61,259.18,119.32,-54.47
2.95,668.58,539.18,-14.24,-11.86,-0.53,-0.32,-14.58,-14.58,124.53,78.03,179.05,158.96,269.97,-49.27,-23.9,54.99,198.3,270.03,106.19,-55.34
2.95833,672.99,523.59,-15.33,-13.24,-0.85,-0.63,-11.45,-11.45,101.35,56.66,149.15,128.05,304.31,-51.03,-35.47,38.13,217.81,276.69,93.56,-51.9
2.96667,675.4,507,-16.58,-14.77,-1.17,-0.94,-8.43,-8.43,78.6,38.6,117.83,97.72,333.73,-51.57,-45.37,22.43,238.19,277.53,81.4,-45.04
2.975,676.81,489.41,-17.99,-15.94,-1.5,-1.27,-5.49,-5.49,57.24,21.93,88.07,69.59,354.26,-52.33,-52.7,6.17,255.44,271.32,68.66,-34.93
2.98333,677.22,471.82,-18.57,-17.27,-1.85,-1.61,-2.61,-2.61,39.23,8.5,60.79,45.96,365.9,-50.56,-59.55,-7.6,268.58,258.66,56.31,-22.18
2.99167,678.63,454.23,-19.33,-18.27,-2.22,-1.96,-0.76,-0.76,22.52,-1.85,38.96,27.04,366.67,-47.83,-65.97,-19.37,276.62,239.54,45.32,-5.5
3,679.04,437.63,-21.29,-18.95,-2.61,-2.34,1.07,1.07,9.02,-10.18,21.46,11.71,355.56,-41.72,-69.03,-29.72,277.55,215.05,33.65,14.12
3.00833,676.45,422.04,-20.45,-20.32,-4.03,-3.03,2.92,2.92,-1.38,-16.58,7.18,-1.86,334.54,-35.61,-71.77,-38.88,270.37,185.62,21.25,34.42
3.01667,672.86,405.45,-20.82,-20.87,-5.49,-4.47,3.79,3.79,-9.79,-21.18,-6.02,-13.74,303.59,-27.92,-76.22,-46.74,255.05,152.26,11.05,53.32
3.025,667.27,388.86,-20.38,-20.64,-6.01,-5.64,4.68,4.68,-16.27,-24.89,-17.26,-23.04,265.65,-19.02,-79.42,-52.9,231.57,116.27,-0.06,72.28
3.03333,661.67,372.27,-20.15,-20.59,-6.58,-6.17,4.6,4.6,-20.9,-26.98,-25.66,-29.54,223.67,-8.04,-83.4,-58.67,201.88,78.43,-10.16,92.75
3.04167,656.08,355.68,-20.12,-20.26,-7.21,-6.76,4.54,4.54,-24.73,-29.15,-31.28,-33.99,181.58,4.12,-84.19,-64.13,165.94,42.55,-18.34,111.61
3.05,648.49,339.09,-20.29,-20.13,-7.92,-7.42,4.51,4.51,-26.78,-29.58,-35.2,-37.46,139.33,18.04,-84.81,-67.67,126.7,7.8,-24.7,129.6
3.05833,637.9,322.5,-19.65,-20.21,-7.7,-7.85,4.5,4.5,-29.1,-28.48,-38.45,-40.28,99.82,34.27,-83.25,-70.12,84.08,-24.43,-31.3,145.79
3.06667,626.31,305.91,-18.2,-19.95,-6.54,-7.37,3.51,3.51,-29.69,-27.44,-41.08,-41.79,63.98,51.93,-80.5,-72.84,43.97,-54.49,-36.19,161.18
3.075,613.72,289.32,-16.94,-18.89,-5.45,-6.23,2.54,2.54,-28.56,-24.87,-42.1,-41.69,32.67,71.09,-75.52,-76.48,5.19,-80.73,-41.44,174.94
3.08333,602.13,271.73,-16.84,-17.54,-4.42,-5.16,1.58,1.58,-27.71,-22.54,-41.52,-40.7,3.66,89.3,-69.29,-79.18,-30.55,-101.78,-46.1,185.25
3.09167,590.54,254.14,-14.91,-16.89,-3.43,-4.14,-0.36,-0.36,-25.13,-20.19,-40.35,-38.38,-23.32,106.61,-61.72,-82.48,-63.58,-117.65,-50.22,193.51
3.1,577.95,238.55,-15.14,-15.82,-1.46,-2.88,-0.3,-0.3,-22.79,-16.27,-37.56,-34.43,-47.5,119.4,-52.76,-83.88,-91.2,-128.55,-55.83,198.22
3.10833,565.36,222.96,-15.51,-15.03,1.49,-0.65,-0.24,-0.24,-20.68,-12.37,-33.13,-30.22,-67.12,128.91,-42.31,-84.47,-111.66,-134.06,-61,199.74
3.11667,552.77,206.37,-16.04,-15.34,3.44,2.02,-0.19,-0.19,-16.76,-7.58,-29.02,-25.6,-84.37,132.45,-32.28,-84.35,-126.17,-134.14,-65.76,198.32
3.125,539.18,189.78,-14.73,-15.8,3.41,3.43,-0.13,-0.13,-13,-1.85,-24.2,-19.5,-97.43,133.2,-23.57,-82.87,-133.87,-128.06,-70.17,193.73
3.13333,523.59,175.19,-13.55,-15.33,5.39,3.94,-0.07,-0.07,-8.37,4.57,-17.6,-12.3,-108.44,131.44,-14.11,-80.55,-134.82,-115.02,-71.25,185.93
3.14167,507,160.59,-12.51,-14.08,6.39,5.66,0.98,0.98,-2.81,10.17,-10.17,-4.93,-118.49,127.76,-8.81,-76.41,-128.04,-98.07,-71.03,175.36
3.15,489.41,147,-11.6,-12.98,7.41,6.66,2.04,2.04,3.72,15.67,-2.84,2.39,-126.7,122.5,-6.63,-71.38,-113.46,-77.77,-69.5,163.38
3.15833,471.82,134.41,-10.8,-12,6.45,7.16,1.11,1.11,9.28,20.42,4.46,11.17,-130.13,117.52,-6.53,-65.46,-93.95,-54.68,-68.65,149.78
3.16667,454.23,126.82,-11.11,-11.15,6.51,6.46,0.18,0.18,14.9,25.08,13.79,19.86,-132.84,112.15,-9.53,-58.6,-70.33,-30.26,-67.49,134.12
3.175,437.63,116.23,-11.54,-10.97,7.59,6.79,-0.75,-0.75,19.6,28.82,22.21,27.65,-132.83,107.57,-13.64,-50.77,-43.39,-5.67,-65.99,118.8
3.18333,422.04,105.64,-12.08,-11.35,8.69,7.87,-1.68,-1.68,24.4,31.47,29.74,34.56,-131.12,105.59,-20.9,-41.98,-15.87,18.58,-65.15,104.17
3.19167,405.45,95.05,-12.75,-11.85,6.81,8.2,-3.64,-3.64,28.28,32.18,36.39,39.13,-126.69,109.57,-29.37,-33.53,11.48,41.95,-63.95,90.16
3.2,388.86,83.46,-12.54,-12.46,5.94,6.59,-4.63,-4.63,31.27,30.97,40.16,42.28,-119.49,121.23,-36.13,-26.03,37.88,63.81,-63.38,76.3
3.20833,372.27,73.87,-14.46,-12.63,3.1,5.23,-5.67,-5.67,32.34,28.24,43.06,43.08,-112.47,139.78,-41.24,-18.28,62.53,82.59,-63.45,62.24
3.21667,355.68,64.28,-15.52,-13.64,2.28,2.9,-5.75,-5.75,31.51,25.17,43.09,41.01,-104.55,164.98,-46.76,-11.98,83.49,99.12,-63.15,49.28
3.225,339.09,55.69,-15.72,-15.07,2.47,2.33,-4.89,-4.89,28.78,20.82,40.25,37.51,-95.65,197.87,-50.72,-8.28,101.81,112.07,-62.46,36.45
3.23333,322.5,48.1,-15.09,-15.64,1.68,2.27,-4.08,-4.08,26.13,17.11,36.52,33.13,-84.69,236.49,-52.16,-6.62,115.51,120.09,-60.38,22.74
3.24167,305.91,41.52,-15.6,-15.35,0.89,1.48,-4.31,-4.31,21.57,12.46,31.92,27.86,-73.55,274.06,-51.1,-6.54,122.6,123.95,-56.89,11.05
3.25,289.32,33.94,-17.27,-15.39,0.12,0.7,-5.58,-5.58,18.09,7.33,26.42,22.43,-60.13,309.8,-48.53,-8.84,125.1,124.62,-51.95,-1.27
3.25833,271.73,26.38,-17.11,-16.58,-1.66,-0.31,-4.91,-4.91,13.68,3.27,21.02,17.09,-44.29,338.95,-44.43,-12.05,124.01,122.11,-46.52,-12.12
3.26667,254.14,19.86,-16.11,-17.18,-1.45,-1.61,-4.28,-4.28,8.33,0.24,15.72,11.84,-29.89,358,-39.76,-16.94,118.32,116.2,-40.53,-20.63
3.275,238.55,13.42,-16.28,-16.52,-2.25,-1.64,-4.7,-4.7,4.04,-1.77,10.5,6.67,-14.79,366.2,-36.5,-23.42,109.05,107.94,-33.94,-27.87
3.28333,222.96,7.15,-16.61,-16.21,-1.06,-1.97,-4.16,-4.16,0.79,-3.04,5.36,2.29,-1.84,361.6,-33.6,-30.32,100.18,99.97,-23.67,-34.23
3.29167,206.37,4.2,-17.1,-16.48,0.11,-0.79,-4.67,-4.67,-1.46,-4.34,1.26,-0.3,11.07,344.55,-31.04,-36.01,90.7,91.48,-13.63,-39.97
3.3,189.78,0.76,-17.77,-16.91,0.29,0.15,-3.21,-3.21,-2.71,-5.68,-0.82,-2.39,24.07,316.24,-30.81,-40.35,83.6,84.92,-2.71,-45.36
3.30833,175.19,1.82,-18.61,-17.51,0.46,0.33,-2.79,-2.79,-3.99,-6.8,-2.91,-4.51,35.26,278.59,-31.89,-44.92,76.87,78.83,8.17,-50.05
3.31667,160.59,1.57,-19.64,-18.28,0.64,0.5,-2.4,-2.4,-5.31,-7.25,-5.03,-5.9,48.68,235.16,-35.31,-48.77,70.5,73.02,18.11,-56.25
3.325,147,-1.16,-19.86,-19.24,0.82,0.68,-3.04,-3.04,-6.68,-7.77,-6.19,-7.11,61.35,190.27,-40.09,-51.22,64.47,67.48,29.2,-61.95
3.33333,134.41,-1.16,-20.27,-19.77,1.02,0.87,-2.7,-2.7,-7.11,-8.08,-7.4,-7.62,73.31,145.2,-46.29,-51.95,60.77,63,40.47,-67.17
3.34167,126.82,1.46,-20.89,-20.11,1.22,1.06,-2.39,-2.39,-7.61,-7.76,-7.69,-7.96,84.58,102.65,-54.96,-51.01,57.39,59.78,48.95,-70.65
3.35,116.23,-1,-21.71,-20.66,2.43,1.49,-2.1,-2.1,-8.18,-7.81,-8.05,-8.39,94.16,64.12,-63.17,-48.84,54.3,56.8,56.65,-71.13
3.35833,105.64,-4.89,-21.75,-21.4,2.66,2.48,-1.84,-1.84,-7.84,-8.02,-8.49,-8.89,103.07,30.83,-71.01,-45.58,53.5,54.23,62.61,-69.99
3.36667,95.05,-13.45,-22,-21.74,2.89,2.71,-2.59,-2.59,-7.56,-7.24,-9.02,-10.26,110.33,0.12,-79.56,-41.8,52.98,53.52,68.84,-68.82
3.375,83.46,-32.31,-20.46,-21.91,2.14,2.73,-2.37,-2.37,-8.37,-6.89,-10.63,-10.42,113.95,-28.11,-87.9,-38.44,51.71,53.04,74.36,-67.58
3.38333,73.87,421.02,-20.13,-21.03,2.39,2.19,-1.17,-1.17,-7.25,-5.93,-10.35,-10.21,114.92,-52.71,-97.1,-35.78,48.68,51.99,78.17,-65.95
3.39167,64.28,380.17,-21,-20.25,2.66,2.45,0.02,0.02,-7.2,-5.03,-10.16,-9.32,113.26,-72.87,-105.26,-33.37,45.89,49.68,81.3,-64.95
3.4,55.69,341.71,-22.08,-20.68,1.94,2.51,0.21,0.21,-6.23,-4.85,-9.08,-8.3,108.95,-89.61,-111.44,-31.22,42.32,47.1,82.76,-63.79
3.40833,48.1,307.73,-22.38,-21.69,1.23,1.8,-0.61,-0.61,-5.31,-5.73,-8.08,-8.14,101.99,-102.58,-115.71,-30.86,38.95,44.24,83.56,-63.41
3.41667,41.52,275.94,-21.9,-22.28,0.54,1.09,-1.43,-1.43,-4.45,-5.64,-8.16,-7.51,93.38,-113.82,-118.1,-31.48,32.76,41.11,82.72,-63.29
3.425,33.94,246.33,-22.64,-22.07,0.85,0.6,-1.27,-1.27,-5.64,-4.96,-7.32,-6.73,84.09,-123.44,-115.61,-33.46,27.75,37.38,82.23,-62.71
3.43333,26.38,220.05,-23.6,-22.38,2.17,1.11,-1.11,-1.11,-5.89,-5.04,-6.56,-6.8,73.11,-129,-109.23,-36.75,21.9,32.01,81.11,-60.88
3.44167,19.86,196.89,-23.8,-23.27,2.51,2.24,-0.97,-0.97,-5.19,-5.74,-6.86,-6.37,62.43,-132.13,-96.88,-40.98,15.19,27.49,81.37,-57.31
3.45,13.42,175.83,-23.22,-23.73,3.86,2.77,-0.83,-0.83,-4.54,-4.84,-6.23,-5.79,53.02,-132.83,-78.43,-46.2,7.59,22.24,82.01,-51.95
3.45833,7.15,156.3,-23.88,-23.42,4.23,3.93,0.3,0.3,-5.94,-3.72,-5.66,-6.05,41.86,-131.34,-54.71,-53.46,0.05,16.28,84.04,-45.8
3.46667,4.2,138.14,-23.78,-23.66,5.61,4.49,-0.57,-0.57,-5.39,-2.51,-6.16,-5.8,31.93,-126.95,-26.49,-60.46,-7.5,9.61,88.47,-38.95
3.475,0.76,121.97,-23.9,-23.81,6.01,5.68,-0.45,-0.45,-3.89,-1.23,-5.71,-5.39,23.21,-119.44,9.52,-67.19,-14.11,2.84,93.3,-30.24
3.48333,1.82,109.08,-23.27,-23.86,5.43,5.9,1.67,1.67,-3.43,-1.84,-5.31,-5.04,15.66,-111.87,52.63,-74.04,-20.87,-3.92,98.53,-18.85
3.49167,1.57,97.62,-22.86,-23.48,4.87,5.32,1.8,1.8,-1.01,-2.46,-4.97,-4.74,8.26,-103.28,100.18,-81.2,-27.83,-10.29,104.17,-7.08
3.5,-1.16,85.46,-23.69,-23,6.32,5.14,2.94,2.94,-1.6,-2.29,-4.68,-4.48,1.94,-93.34,149.41,-88.25,-34.06,-16.26,110.21,5.12
3.50833,-1.16,74.93,-23.75,-23.42,5.8,6.23,3.08,3.08,-2.21,-1.36,-4.43,-3.46,-3.36,-81.59,198.46,-96,-39.62,-22.36,114.67,16.52
3.51667,1.46,66.04,-25.04,-23.73,5.29,5.71,2.23,2.23,-2.84,-1.03,-3.22,-2.28,-8.7,-68.92,246.44,-103,-43.56,-28.51,115.53,28.76
3.525,-1,59.44,-24.58,-24.63,4.8,5.2,2.39,2.39,-1.49,-1.14,-2.05,-1.92,-14.11,-53.59,295.43,-108.76,-46.92,-34.09,112.79,41.15
3.53333,-4.89,51.9,-23.36,-24.73,4.33,4.72,1.56,1.56,-1.16,-1.85,-1.9,-1.79,-16.65,-37.38,339.53,-113.18,-48.74,-39.07,107.44,50.49
3.54167,-13.45,43.8,-22.36,-23.74,3.87,4.25,1.74,1.74,-0.85,-2.14,-1.76,-1.67,-19.34,-21.62,376.78,-116.31,-50.03,-42.76,99.46,58.56
3.55,-32.31,35.88,-21.59,-22.67,3.44,3.8,1.94,1.94,-1.54,-1.88,-1.65,-1.58,-21.23,-6.83,406.26,-117.87,-49.81,-45.89,89.85,65.35
3.55833,421.02,29.45,-21.04,-21.83,3.01,3.36,2.14,2.14,-2.26,-2.08,-1.56,-1.49,-24.33,6.97,426.01,-115.78,-49.07,-48,79.57,71.93
3.56667,377.24,24.5,-21.7,-21.21,2.6,2.94,2.35,2.35,-1.99,-1.96,-1.48,-1.42,-26.66,20.82,435.05,-110.66,-46.8,-49.37,66.62,76.95
3.575,336.23,19.23,-20.57,-21.5,2.2,2.53,2.58,2.58,-1.74,-1.66,-1.41,-1.37,-27.24,33.22,432.41,-101.59,-43.99,-49.95,53.96,80.68
3.58333,300.58,13.59,-20.64,-20.91,1.82,2.14,2.82,2.82,-2.51,-2.02,-1.36,-1.33,-27.09,47.13,419.08,-88.37,-40.6,-49.6,41.58,82.65
3.59167,266.94,8.93,-19.92,-20.62,1.44,1.76,3.07,3.07,-1.3,-1.39,-1.33,-2.13,-26.19,60.75,395.05,-71.23,-34.61,-48.67,29.44,83.53
3.6,235.98,4.96,-20.4,-20.13,1.08,1.38,2.34,2.34,-2.1,-0.7,-2.31,-2.31,-23.55,73.54,361.29,-50.6,-28.94,-46.6,18.52,82.64
3.60833,209.38,1.23,-20.08,-20.26,-0.28,0.86,1.61,1.61,-1.93,-1.03,-2.31,-2.32,-22.14,85.41,318.75,-26.82,-20.56,-44.08,8.77,81.92
3.61667,185.89,-1.74,-19.96,-20.17,0.36,-0.18,2.91,2.91,-0.77,-0.44,-2.33,-1.54,-19.95,95.54,271.37,3.41,-13.38,-41.07,4.1,81.22
3.625,164.26,-4.79,-21.04,-19.99,-1,0.15,3.21,3.21,-0.62,0.72,-1.37,-0.59,-17.95,104.69,220.08,38.52,-5.32,-36.06,-3.53,81.71
3.63333,144.28,-8.74,-21.32,-20.73,-2.37,-1.21,3.54,3.54,-1.48,1.35,-0.42,-0.47,-15.14,111.38,167.82,77.11,2.67,-30.9,-11.2,83.31
3.64167,125.74,-11.85,-20.81,-21.24,-1.76,-2.28,3.88,3.88,0.65,1.48,-0.48,-0.54,-13.47,114.29,116.49,117.76,9.66,-24.33,-19.98,87.41
3.65,111.48,-14.19,-19.5,-20.95,-1.16,-1.67,4.23,4.23,0.79,0.62,-0.55,-0.61,-12.96,114.21,67.94,159.19,15.7,-17.35,-28.96,92.72
3.65833,99.33,-14.99,-17.38,-19.86,-1.58,-1.22,3.6,3.6,1.92,-0.25,-0.62,0.15,-14.58,111.14,20.94,200.46,20.79,-10.62,-35.21,98.53
3.66667,86.18,-17.09,-15.44,-17.96,-1.01,-1.5,2.99,2.99,1.05,-1.13,0.31,1.08,-15.34,105.06,-22.87,240.87,24.96,-3.42,-38.79,104.89
3.675,74.9,-19.75,-15.65,-15.96,-1.45,-1.07,2.39,2.39,0.19,-1.48,1.23,1.17,-16.26,96.59,-62.89,282.02,26.21,3.61,-40.74,111.28
3.68333,65.37,-22,-14.01,-15.59,-1.91,-1.52,2.82,2.82,-0.67,-0.84,1.16,0.26,-17.33,86.93,-97.5,320.5,28.53,9.84,-44.1,114.98
3.69167,58.5,-24.08,-13.52,-14.44,-2.39,-1.98,4.26,4.26,-1.55,-0.26,0.09,0.03,-16.58,75.73,-124.02,354.83,28.94,15.25,-46.89,114.22
3.7,50.21,-25.92,-12.15,-13.65,-1.88,-2.32,3.72,3.72,-1.43,-0.16,0.02,-0.04,-14.98,64.25,-149.73,384.24,28.42,19.89,-49.15,109.58
3.70833,41.42,-27.1,-10.91,-12.51,-0.39,-1.68,4.2,4.2,-0.32,-0.61,-0.05,0.74,-16.55,53.99,-169.87,408.14,26.99,23.79,-51.89,101.7
3.71667,33.05,-27.97,-9.78,-11.23,-0.92,-0.46,5.7,5.7,-0.22,-0.97,0.88,0.83,-19.29,42.26,-185.65,424.77,23.63,25.73,-55.14,91.39
3.725,27.01,-29.08,-9.74,-10.06,-2.45,-1.12,6.22,6.22,-0.12,-0.89,0.82,0.76,-22.22,31.65,-194.2,433.06,19.35,27.39,-56.94,79.98
3.73333,22.25,-30.06,-8.8,-9.75,-2.01,-2.39,4.76,4.76,-1.02,-0.82,0.75,0.7,-23.37,22.46,-193.6,433.41,15.14,28.7,-59.31,65.61
3.74167,15.71,-29.43,-6.94,-9.03,-2.59,-2.08,3.32,3.32,-0.94,-0.18,0.69,0.65,-24.75,14.43,-188.86,426.22,13,28.78,-64.27,51.49
3.75,10.33,-26.73,-5.15,-7.4,-3.19,-2.66,2.91,2.91,-0.86,0.32,0.64,0.59,-28.38,6.78,-176.92,411.72,8.92,28.14,-67.87,37.7
3.75833,6.06,-26.02,-3.41,-5.58,-3.83,-3.27,3.51,3.51,-0.78,1.56,0.59,-0.31,-32.3,0.34,-159.67,390.03,5.9,26.67,-73.15,24.64
3.76667,1.85,-28.34,-0.7,-3.82,-3.5,-3.78,3.14,3.14,0.28,2.46,-0.47,-0.51,-35.53,-5.33,-132.92,361.59,1.91,23.66,-78.16,13.06
3.775,-1.33,-31.8,1.01,-1.33,-4.2,-3.58,4.79,4.79,0.35,1.95,-0.52,-0.57,-36.1,-11.06,-96.41,325.84,-2.06,19.84,-82.94,5.6
3.78333,-4.53,-34.02,3.72,0.61,-3.95,-4.17,6.46,6.46,2.42,1.63,-0.58,-0.63,-37.01,-15.39,-52.79,286.74,-6.06,16.06,-88.54,-2
3.79167,-8.77,-36.25,5.48,3.1,-3.73,-3.92,6.15,6.15,2.49,1.11,-0.64,-0.7,-34.26,-18.19,-3.66,244.81,-10.11,13.69,-94.02,-10.58
3.8,-12.1,-36.15,8.28,5.08,-3.55,-3.71,5.87,5.87,1.57,0.2,-0.71,0.1,-27.82,-20.55,52.44,201.26,-12.25,10.66,-99.43,-20.34
3.80833,-14.53,-31.69,12.17,7.65,-3.41,-3.53,5.61,5.61,1.66,-0.72,0.22,1.03,-17.63,-23.42,111.96,157.43,-12.51,7.5,-102.81,-29.96
3.81667,-15.11,-28.58,15.15,11.31,-4.3,-3.51,4.38,4.38,0.75,-1.64,1.15,1.09,-2.61,-26.13,171.22,114.32,-13.89,4.43,-107.21,-36.21
3.825,-17.84,-29.57,17.24,14.5,-4.23,-4.29,4.17,4.17,-0.16,-1.95,1.08,1.03,16.35,-27.15,230.41,73.43,-15.41,0.87,-108.65,-39.57
3.83333,-20.75,-32.65,18.45,16.79,-4.21,-4.23,3.99,3.99,-1.07,-1.25,1.02,1.85,41.31,-27.1,285.64,33.67,-17.07,-2.7,-109.14,-42.49
3.84167,-22.86,-35.91,19.8,18.19,-5.23,-4.32,4.83,4.83,-1.99,-0.2,1.97,1.06,71.28,-26.22,334,-4.09,-17.91,-6.28,-107.71,-45.89
3.85,-25.19,-37.74,22.3,19.52,-5.3,-5.24,5.69,5.69,-1.92,0.85,0.92,0.89,108.27,-23.49,373.55,-39.43,-17.91,-9.91,-103.31,-48.6
3.85833,-26.77,-38.53,24.96,21.78,-4.42,-5.21,5.58,5.58,-0.87,1.26,0.89,0.86,152.28,-21.9,403.35,-71.75,-18.1,-11.93,-96.9,-51.56
3.86667,-27.61,-39.66,26.79,24.41,-4.59,-4.44,6.49,6.49,0.18,0.65,0.86,0.84,208.62,-19.59,422.46,-100.1,-18.46,-12.44,-85.43,-55.14
3.875,-28.72,-41.01,30.82,26.42,-5.8,-4.7,5.43,5.43,1.22,0.37,0.83,1.7,265.63,-17.26,429.9,-122.44,-20.01,-13.39,-71.76,-57.22
3.88333,-30.12,-40.95,35.05,30.02,-6.07,-5.83,4.4,4.4,1.27,0.43,1.82,1.82,329.47,-14.62,427.69,-144.14,-20.76,-14.7,-53.77,-60.5
3.89167,-29.8,-41.27,40.52,34.23,-5.39,-6.01,4.39,4.39,0.33,0.5,1.82,0.93,398.65,-13.28,415.84,-162.32,-20.7,-16.12,-31.29,-65.57
3.9,-26.77,-41.94,46.23,39.47,-5.78,-5.43,4.4,4.4,0.39,0.58,0.82,-0.06,470.98,-13.68,395.33,-177.24,-20.85,-17.35,-6.09,-70.41
3.90833,-26.02,-42.19,51.2,45.15,-5.21,-5.72,3.44,3.44,0.46,-0.03,-0.17,-0.16,547.36,-14.97,369.14,-188.29,-20.2,-17.91,21.05,-76.16
3.91667,-28.54,-42.65,55.47,50.28,-4.7,-5.17,4.51,4.51,0.53,-0.27,-0.16,-1.04,626.76,-15.88,340.24,-194.11,-18.75,-17.94,50.34,-81.6
3.925,-32.35,-42.82,61.04,54.68,-5.23,-4.74,3.6,3.6,0.6,-0.19,-1.15,-1.15,710.17,-16.96,307.56,-193.6,-18.49,-18.1,78.96,-87.65
3.93333,-34.47,-41.89,65.94,60.03,-4.82,-5.2,5.72,5.72,-0.32,-0.12,-1.15,-2.06,797.59,-16.79,272.07,-189.63,-17.41,-18.43,108,-93.8
3.94167,-36.93,-40.11,71.19,65.07,-4.45,-4.79,6.87,6.87,-0.25,-0.05,-2.17,-1.3,887.01,-15.32,235.68,-180.76,-17.5,-19.71,132.53,-99.7
3.95,-35.73,-38.71,76.81,70.27,-4.13,-4.43,7.04,7.04,-0.17,-0.69,-1.2,-1.23,980.43,-16.32,201.33,-167.94,-17.77,-20.54,153.59,-103.69
3.95833,-28.87,-37.75,81.84,75.85,-3.85,-4.11,6.25,6.25,-0.1,-0.91,-1.24,-1.29,1076.85,-19.07,168.96,-149.96,-17.22,-20.72,170.23,-107.67
3.96667,-28.32,-36.88,88.29,80.99,-4.61,-3.91,5.48,5.48,-0.03,-0.86,-1.3,-2.26,1176.27,-22.18,139.48,-125.42,-16.83,-20.78,183.47,-108.86
3.975,-31.07,-36.94,94.18,87.21,-5.42,-4.67,4.74,4.74,-0.96,-0.81,-2.37,-1.54,1278.69,-23.44,113.84,-94.33,-15.6,-20.6,193.34,-108.34
3.98333,-35.14,-37.14,99.54,93.22,-5.28,-5.41,4.03,4.03,-0.9,-0.03,-1.46,-1.55,1387.11,-25.19,92.94,-57.59,-13.52,-19.79,198.89,-104.71
3.99167,-37.54,-37.03,105.39,98.68,-5.19,-5.27,4.35,4.35,-0.84,0.28,-1.56,-1.67,1501.53,-29.13,78.74,-16.82,-11.58,-18.7,202.12,-98.19
4,-38.32,-38,110.76,104.47,-5.15,-5.18,3.7,3.7,-0.8,0.32,-1.68,-0.89,1623.95,-33.13,70.17,28.57,-10.75,-18.4,202.04,-86.34
4.00833,-39.47,-38.42,115.67,109.93,-4.15,-5.08,4.08,4.08,0.25,0.37,-0.81,0.88,1757.37,-35.71,20.59,77.24,-9.03,-17.44,197.67,-71.04
4.01667,-41.01,-39.19,120.15,114.93,-3.2,-4.09,4.49,4.49,0.29,0.42,1.05,0.01,1902.79,-36.45,28.89,127.3,-6.39,-17.49,192.01,-50.18
4.025,-40.95,-39.45,127.22,119.48,-2.28,-3.14,5.94,5.94,0.33,0.47,-0.09,-0.22,2066.2,-35.74,45.47,177.21,-3.81,-17.71,186.05,-24.23
4.03333,-41.3,-39.95,132.89,126.18,-3.39,-2.35,6.42,6.42,0.38,0.53,-0.23,-0.36,2247.62,-30.86,69.53,227.06,-1.27,-17.4,178.79,4.77
4.04167,-42.05,-38.65,138.2,132.08,-4.54,-3.46,5.94,5.94,0.43,0.59,-0.37,-0.5,2454.04,-21.76,102.78,273.81,1.26,-17,172.21,36.28
4.05,-42.22,-37.02,143.16,137.45,-3.72,-4.49,4.49,4.49,0.49,0.66,-0.51,0.28,2688.46,-7.68,147.1,316.01,4.81,-16.27,165.3,68.66
4.05833,-42.81,-35.71,147.8,142.48,-3.95,-3.74,4.08,4.08,0.54,-0.05,0.35,0.21,2957.88,11.24,201.45,352.59,8.41,-14.87,157.03,101.03
4.06667,-42.82,-35.75,153.14,147.18,-3.21,-3.91,3.72,3.72,0.61,-0.19,0.2,1.93,3267.3,36.26,268.81,382.86,13.1,-13.04,147.38,129.59
4.075,-41.24,-36.94,158.2,152.44,-3.5,-3.22,3.39,3.39,0.68,-0.12,2.07,1.96,3623.72,67.24,350.17,406.31,17.93,-11.46,137.33,153.59
4.08333,-39.07,-38.44,163,157.55,-3.83,-3.52,3.09,3.09,-0.25,-0.04,1.95,0.92,4034.14,105.78,448.54,422.4,-3.81,-10.68,126.84,171.81
4.09167,-38.29,-39.96,168.55,162.39,-3.19,-3.8,2.82,2.82,-0.17,0.03,0.84,0.75,4506.56,152.28,565.9,428.7,-2.11,-9.14,115.89,185.84
4.1,-36.88,-40.71,172.87,167.86,-2.59,-3.16,2.59,2.59,-0.1,0.1,0.74,0.66,5052.98,208.62,706.27,428.39,-0.91,-6.83,104.43,195.34
4.10833,-36.85,-40.42,177.98,172.35,-3.01,-2.6,4.39,4.39,-0.03,1,0.66,0.58,5682.4,265.63,875.63,421.48,0.75,-4.51,92.43,200.44
4.11667,-37.19,-40.26,181.9,177.38,-1.46,-2.94,5.22,5.22,0.04,1.27,0.57,-0.44,6405.82,329.47,1082,408.33,3.66,-2.22,81.86,202.07
4.125,-36.9,-38.79,185.63,181.45,-1.92,-1.47,5.11,5.11,0.12,1.36,-0.51,0.36,7238.24,398.65,1334.37,389.88,10.32,0.05,68.68,198.89
4.13333,-37.98,-37.67,187.19,185.21,-1.4,-1.9,4.04,4.04,1.2,0.63,0.42,0.35,8194.66,470.98,1644.73,367.68,19.52,2.74,55.84,192.91
4.14167,-38.43,-36.89,190.58,187.02,-0.9,-1.39,3,3,1.28,-1.12,0.34,1.22,9291.08,547.36,2028.1,343.33,33.03,5.94,42.31,186.29
4.15,-39.26,-37.27,191.82,190.22,0.6,-0.85,2,2,1.38,-2.18,1.28,1.22,10548.5,626.76,2504.46,316.22,50.68,9.39,29.05,178.26
4.15833,-39.48,-38.07,192.91,191.69,1.1,0.62,2.02,2.02,0.48,-2.25,1.22,1.17,11988.92,710.17,3100.83,287.07,72.42,13.61,16,170.83
4.16667,-40.09,-37.04,195.84,192.8,1.62,1.12,1.06,1.06,-1.41,-1.32,1.17,0.18,13638.34,797.59,3851.2,256.8,101.18,17.93,4.09,162.65
4.175,-38.08,-36.32,197.64,195.56,3.15,1.66,1.11,1.11,-2.32,-1.13,0.13,0.09,15528.76,887.01,4794.56,226.68,136.96,-3.81,-5.77,152.78
4.18333,-36.45,-35.62,198.28,197.47,2.71,3.14,1.18,1.18,-2.24,-0.22,0.09,0.06,17696.18,980.43,5982.93,197.96,184.75,-2.11,-13.66,141.75
4.19167,-35.19,-34.35,198.77,198.22,3.3,2.72,0.25,0.25,-1.18,0.83,0.06,0.98,20176.6,1076.85,7481.3,170.69,249.54,-0.91,-4,130.2
4.2,-36.28,-32.96,198.1,198.72,4.92,3.33,-0.67,-0.67,-1.13,0.11,1.02,0.04,23016.02,1176.27,9364.66,145.71,334.33,0.75,-1.65,118.08
4.20833,-37.74,-31.85,196.26,198.15,6.6,4.96,0.4,0.4,-0.08,0.03,0,-0.03,26260.44,1278.69,11726.03,123.3,449.12,3.66,8.69,105.35
4.21667,-39.58,-31.01,195.23,196.41,7.34,6.61,1.49,1.49,0.95,0.98,-0.03,-0.05,29965.86,1387.11,14665.39,103.95,604.91,10.32,31.04,92.01
4.225,-40.8,-30.44,193.01,195.32,9.16,7.37,2.58,2.58,0,1.13,-0.05,-1.04,34190.28,1501.53,18294.76,88.46,815.7,19.52,71.38,79.75
4.23333,-40.42,-30.14,189.58,193.19,11.06,9.18,1.7,1.7,0.04,-0.63,-1.08,-1.11,38995.7,1623.95,22733.13,77.39,1097.49,33.03,136.73,65.09
4.24167,-40.44,-29.98,185.9,189.83,12.08,11.07,0.83,0.83,1.09,-0.75,-1.11,-0.19,44445.12,1757.37,28103.49,70.17,1469.28,50.68,237.07,50.43
4.25,-38.85,-29.26,181.96,186.17,14.21,12.1,-0.04,-0.04,1.14,-1.63,-0.16,0.77,50597.54,1902.79,34522.86,20.59,1960.07,72.42,385.42,35.42
4.25833,-37.64,-28.8,176.72,182.23,15.49,14.22,-0.9,-0.9,-0.8,-0.74,0.8,0.77,57507.96,2066.2,42089.22,28.89,2596.87,101.18,598.76,20.7
4.26667,-36.82,-28.59,170.15,177.07,16.92,15.5,-0.77,-0.77,-0.75,-0.64,0.77,1.71,65224.38,2247.62,50867.59,45.47,3416.66,136.96,900.65,6.95
4.275,-37.36,-26.93,163.22,170.57,19.52,16.93,-1.65,-1.65,-1.7,-0.62,1.74,1.73,73778.8,2454.04,60882.96,69.53,4460.45,184.75,1322.14,-4.58
4.28333,-38.27,-24.55,155.87,163.63,20.32,19.52,-2.55,-2.55,-0.67,-0.6,1.73,1.73,83174.21,2688.46,72105.32,102.78,5775.24,249.54,1900.85,-13.66
4.29167,-36.55,-22.93,148.06,156.29,-1.27,20.32,-3.48,-3.48,-0.64,0.36,1.73,0.77,93383.63,2957.88,84448.69,147.1,7408.03,334.33,2682.66,-4
4.3,-36.2,-22.38,138.75,148.49,-0.7,-1.27,-4.44,-4.44,-0.62,0.42,0.74,0.77,104336.05,3267.3,97752.06,201.45,9407.82,449.12,3724.49,-1.65
4.30833,-35.2,-22.32,127.87,139.23,-0.76,-0.7,-5.43,-5.43,-0.6,0.44,0.77,0.8,115915.47,3623.72,111788.42,268.81,11824.61,604.91,5091.34,8.69
4.31667,-33.54,-21.42,115.36,128.4,-0.2,-0.76,-4.48,-4.48,0.41,0.46,0.8,-0.15,127961.89,4034.14,126275.79,350.17,14702.4,815.7,6859.2,31.04
4.325,-32.22,-19.86,102.16,115.94,0.2,-0.2,-4.58,-4.58,0.42,-0.49,-0.16,-1.11,140281.31,4506.56,140897.15,448.54,18080.2,1097.49,9108.06,71.38
4.33333,-31.22,-18.85,87.2,102.73,-0.41,0.2,-4.72,-4.72,0.44,-0.5,-1.13,-0.11,152646.73,5052.98,155318.52,565.9,21990.99,1469.28,11924.92,136.73
4.34167,-30.54,-18.56,71.4,87.8,-0.16,-0.41,-5.91,-5.91,0.46,-0.49,-0.09,-0.06,164807.15,5682.4,169216.89,706.27,26452.78,1960.07,15391.78,237.07
4.35,-30.15,-18.67,54.67,71.99,0.03,-0.16,-7.17,-7.17,-0.52,-0.48,-0.06,-0.04,176519.57,6405.82,182297.25,875.63,31473.57,2596.87,19591.64,385.42
4.35833,-30.07,-19.29,35.93,55.24,0.19,0.03,-9.5,-9.5,-0.5,-0.47,-0.03,-0.01,187560.99,7238.24,194312.62,1082,37047.36,3416.66,24591.49,598.76
4.36667,-29.28,-18.33,16.08,36.52,-0.69,0.19,-10.92,-10.92,-0.49,-0.47,-0.01,0.02,197752.41,8194.66,205081.99,1334.37,43157.15,4460.45,30442.35,900.65
4.375,-28.78,-15.91,-3.97,16.65,-0.87,-0.69,-11.44,-11.44,-0.48,-1.7,0.02,-0.95,206951.83,9291.08,214491.35,1644.73,49772.94,5775.24,37172.21,1322.14
4.38333,-28.57,-14.53,-26.34,-3.45,-1.57,-0.87,-12.08,-12.08,-0.47,-1.81,-0.96,-0.94,215071.25,10548.5,222494.72,2028.1,56855.73,7408.03,44785.07,1900.85
4.39167,-26.63,-13.29,-50.15,-25.83,-2.14,-1.57,-12.83,-12.83,-0.47,-3.18,-0.94,-1.93,222078.67,11988.92,229095.08,2504.46,64357.52,9407.82,53255.93,2682.66
4.4,-23.95,-13.85,-75.54,-49.67,-4.11,-2.14,-13.71,-13.71,-1.7,-6.69,-1.93,-6.36,227981.09,13638.34,234334.45,3100.83,72227.32,11824.61,62534.79,3724.49
4.40833,-22.52,-14.71,-101.72,-75.1,-8.69,-4.11,-9.53,-9.53,-1.81,-13.32,-6.36,-8.65,232826.51,15528.76,238273.82,3851.2,80407.11,14702.4,72542.65,5091.34
4.41667,-22.31,-14.99,-130.93,-101.34,-15.17,-8.69,-12.51,-12.51,-3.18,-23.58,-8.65,-15.5,236675.93,17696.18,240985.18,4794.56,88834.9,18080.2,83181.51,6859.2
4.425,-22.32,-15.18,-158.43,-130.59,-24.94,-15.17,-18.67,-18.67,-6.69,-40.98,-15.5,-28.55,239599.35,20176.6,242529.55,5982.93,97446.69,21990.99,94327.37,9108.06
4.43333,-20.55,-14.92,-186.49,-158.19,-38.82,-24.94,-31.1,-31.1,-13.32,-64.66,-28.55,-49.42,241657.77,23016.02,242957.91,7481.3,106172.48,26452.78,105843.23,11924.92
4.44167,-18.99,-14.42,-209.34,-186.32,-54.93,-38.82,-44.8,-44.8,-23.58,-88.38,-49.42,-76.8,242897.19,26260.44,242299.28,9364.66,114942.27,31473.57,117583.09,15391.78
4.45,-18.61,-14.05,-225.21,-209.28,-64.97,-54.93,-50.14,-50.14,-40.98,-93.31,-76.8,-105.95,243342.61,29965.86,240564.65,11726.03,123686.06,37047.36,129394.95,19591.64
4.45833,-18.43,-13.8,-3.91,-225.21,-44.65,-64.97,-21,-21,-64.66,-20.67,-105.95,-104.91,242993.03,34190.28,237755.01,14665.39,132327.85,43157.15,141128.81,24591.49
4.46667,-19.43,-13.67,32.68,-3.91,60.08,-44.65,101.84,101.84,-88.38,251.79,-104.91,1.65,241826.45,38995.7,233857.38,18294.76,140795.64,49772.94,152642.66,30442.35
4.475,-18.61,-13.9,129.27,32.68,348.69,60.08,422.02,422.02,-93.31,926.6,1.65,376.99,239797.87,44445.12,228867.75,22733.13,149017.44,56855.73,163799.52,37172.21
4.48333,-15.97,-14.77,327.66,129.27,928.39,348.69,1059.88,1059.88,-20.67,2241.39,376.99,1281.29,236859.29,50597.54,222794.11,28103.49,156926.23,64357.52,174478.38,44785.07
4.49167,-14.5,-14.79,678,327.66,1928.69,928.39,2202,2202,251.79,4557.28,1281.29,3053.22,232954.71,57507.96,215667.48,34522.86,164463.02,72227.32,184571.24,53255.93
4.5,-13.17,-13.28,1250.23,678,3529.82,1928.69,4127.37,4127.37,926.6,8401.42,3053.22,6208.6,228044.13,65224.38,207543.84,42089.22,171573.81,80407.11,193991.1,62534.79
4.50833,-13.98,-11.88,2141.32,1250.23,5967.83,3529.82,7230.26,7230.26,2241.39,14487.45,6208.6,11512.88,222099.55,73778.8,198506.21,50867.59,178218.6,88834.9,202668.96,72542.65
4.51667,-14.93,-9.68,3470.8,2141.32,9528.61,5967.83,12023.3,12023.3,4557.28,23709.73,11512.88,20010.35,215122.97,83174.21,188664.58,60882.96,184368.39,97446.69,210553.82,83181.51
4.525,-15.02,-8.37,5380.44,3470.8,14528.64,9528.61,19132.86,19132.86,8401.42,37095.02,20010.35,33003.19,207146.39,93383.63,178152.94,72105.32,190005.18,106172.48,217606.68,94327.37
4.53333,-15.27,-7.23,8018.16,5380.44,21286.23,14528.64,29253.64,29253.64,14487.45,55703.74,33003.19,51986.1,198232.81,104336.05,167129.31,84448.69,195116.97,114942.27,223802.54,105843.23
4.54167,-14.66,-6.16,11525.91,8018.16,30073.06,21286.23,43081.52,43081.52,23709.73,80484.65,51986.1,78491.47,188478.22,115915.47,155763.68,97752.06,199702.77,123686.06,229120.4,117583.09
4.55,-14.19,-5.78,16018.67,11525.91,41065,30073.06,61209.45,61209.45,37095.02,112111.64,78491.47,113860.04,178005.64,127961.89,144229.04,111788.42,203753.56,132327.85,233537.26,129394.95
4.55833,-13.87,-6.9,21559.43,16018.67,54295.97,41065,84009.39,84009.39,55703.74,150808.66,113860.04,158978.69,166959.06,140281.31,132692.41,126275.79,207264.35,140795.64,237024.12,141128.81
4.56667,-13.69,-7.79,28137.2,21559.43,69617.97,54295.97,111521.33,111521.33,80484.65,196222.7,158978.69,214032.38,155510.48,152646.73,121309.77,140897.15,210215.14,149017.44,239542.97,152642.66
4.575,-13.64,-7.45,35649.97,28137.2,86679.97,69617.97,143377.28,143377.28,112111.64,247364.74,214032.38,278325.09,143837.9,164807.15,110228.14,155318.52,212573.93,156926.23,241046.83,163799.52
4.58333,-14.73,-7.42,43900.73,35649.97,104943.98,86679.97,178765.24,178765.24,150808.66,302636.79,278325.09,350222.79,132119.32,176519.57,99573.51,169216.89,214296.72,164463.02,241481.69,174478.38
4.59167,-14.97,-8.27,52599.5,43900.73,123706.99,104943.98,216453.19,216453.19,196222.7,359950.84,350222.79,427235.51,120518.74,187560.99,89446.87,182297.25,215324.51,171573.81,240790.55,184571.24
4.6,-13.34,-8.33,61389.27,52599.5,142168,123706.99,254895.14,254895.14,247364.74,416918.88,427235.51,506225.22,109195.16,197752.41,79929.24,194312.62,215585.3,178218.6,238919.41,193991.1
4.60833,-11.84,-7.93,69876.04,61389.27,159497.01,142168,292372.09,292372.09,302636.79,471071.93,506225.22,583720.93,98288.58,206951.83,71073.61,205081.99,215001.09,184368.39,235823.27,202668.96
4.61667,-9.45,-8.27,77661.81,69876.04,174917.01,159497.01,327159.05,327159.05,359950.84,520090.98,583720.93,656266.65,87920,215071.25,62911.97,214491.35,213491.89,190005.18,231480.13,210553.82
4.625,-8.16,-7.91,84381.58,77661.81,187770.02,174917.01,357686,357686,416918.88,562002.02,656266.65,720735.36,78179.42,222078.67,55459.34,222494.72,210989.68,195116.97,225891.99,217606.68
4.63333,-6.96,-9.43,89741.35,84381.58,197567.03,187770.02,382681.95,382681.95,471071.93,595320.07,720735.36,774598.07,69130.84,227981.09,48709.7,229095.08,207447.47,199702.77,219097.85,223802.54
4.64167,-5.83,-11.02,93540.11,89741.35,204025.04,197567.03,401267.9,401267.9,520090.98,619127.12,774598.07,816081.79,60813.26,232826.51,42642.07,234334.45,202840.26,203753.56,211166.71,229120.4
4.65,-5.76,-10.2,95683.88,93540.11,207065.05,204025.04,412997.85,412997.85,562002.02,633073.16,816081.79,844239.5,53242.68,236675.93,37225.44,238273.82,197175.05,207264.35,202210.57,233537.26
4.65833,-7.75,-5.31,96177.65,95683.88,206808.06,207065.05,417849.81,417849.81,595320.07,637346.21,844239.5,858909.21,46416.1,239599.35,32419.8,240985.18,190494.84,210215.14,192367.43,237024.12
4.66667,-7.82,-3.15,95122.42,96177.65,203526.07,206808.06,416174.76,416174.76,619127.12,632572.26,858909.21,860621.93,40312.52,241657.77,28180.17,242529.55,182878.63,212573.93,181803.29,239542.97
4.675,-6.97,-4.1,92691.19,95122.42,197611.08,203526.07,408615.71,408615.71,633073.16,619722.3,860621.93,850455.64,34894.94,242897.19,24457.53,242957.91,174436.42,214296.72,170703.14,241046.83
4.68333,-8.18,-5.42,89108.96,92691.19,189530.09,197611.08,396018.66,396018.66,637346.21,599978.35,850455.64,829872.35,30119.36,243342.61,21202.9,242299.28,165306.22,215324.51,159260,241481.69
4.69167,-8.48,-6.93,84623.73,89108.96,179775.1,189530.09,379334.62,379334.62,632572.26,574636.4,829872.35,800564.07,25935.78,242993.03,18370.27,240564.65,155645.01,215585.3,147664.86,240790.55
4.7,-7.86,-8.49,79488.49,84623.73,168833.1,179775.1,359544.57,359544.57,619722.3,545015.45,800564.07,764310.78,22288.2,241826.45,15909.63,237755.01,145623.8,215001.09,136101.72,238919.41
4.70833,-8.31,-9.63,73944.26,79488.49,157151.11,168833.1,337588.52,337588.52,599978.35,512367.49,764310.78,722863.49,19124.62,239797.87,13776,233857.38,135413.59,213491.89,124738.58,235823.27
4.71667,-7.85,-10.24,68201.03,73944.26,145121.12,157151.11,314314.47,314314.47,574636.4,477837.54,722863.49,677864.21,16390.04,236859.29,11930.37,228867.75,125179.38,210989.68,113718.44,231480.13
4.725,-9.48,-9.2,62433.8,68201.03,133068.13,145121.12,290456.43,290456.43,545015.45,442424.59,677864.21,630777.92,14033.46,232954.71,10337.73,222794.11,115075.17,207447.47,103159.3,225891.99
4.73333,-11.19,-7.16,56782.57,62433.8,121254.14,133068.13,266621.38,266621.38,512367.49,406969.63,630777.92,582866.63,12006.88,228044.13,8962.1,215667.48,105235.96,202840.26,93153.16,219097.85
4.74167,-10,-6.93,51351.34,56782.57,109875.15,121254.14,243290.33,243290.33,477837.54,372153.68,582866.63,535180.35,10268.3,222099.55,7775.46,207543.84,95773.75,197175.05,83767.02,211166.71
4.75,-3.89,-8.4,46209.11,51351.34,99070.16,109875.15,220822.28,220822.28,442424.59,338502.73,535180.35,488554.06,8779.72,215122.97,6750.83,198506.21,86777.54,190494.84,75040.88,202210.57
4.75833,-2.84,-9.04,41402.87,46209.11,88927.17,99070.16,199474.24,199474.24,406969.63,306399.77,488554.06,443633.77,7507.14,207146.39,5867.2,188664.58,78310.34,182878.63,66993.74,192367.43
4.76667,-4.83,-9.77,36952.64,41402.87,79497.18,88927.17,179414.19,179414.19,372153.68,276111.82,443633.77,400887.49,6418.56,198232.81,5102.56,178152.94,70415.13,174436.42,59627.6,181803.29
4.775,-5.87,-8.9,32863.41,36952.64,70800.18,79497.18,160738.14,160738.14,338502.73,247799.87,400887.49,360637.2,5486.98,188478.22,4440.93,167129.31,63111.92,165306.22,52925.46,170703.14
4.78333,-7.98,-8.68,29129.18,32863.41,62835.19,70800.18,143488.09,143488.09,306399.77,221542.92,360637.2,323075.91,4692.4,178005.64,3869.3,155763.68,56407.71,155645.01,46859.31,159260
4.79167,-9.16,-7.99,25736.95,29129.18,55584.2,62835.19,127659.04,127659.04,276111.82,197359.96,323075.91,288295.63,4013.82,166959.06,3372.66,144229.04,50288.5,145623.8,41394.17,147664.86
4.8,-10.43,-7.78,22667.72,25736.95,49014.21,55584.2,113215,113215,247799.87,175222.01,288295.63,256306.34,3433.23,155510.48,2940.03,132692.41,44736.29,135413.59,36491.03,136101.72
4.80833,-9.79,-7.93,19905.49,22667.72,43088.22,49014.21,100100.95,100100.95,221542.92,155060.06,256306.34,227061.05,2938.65,143837.9,2560.4,121309.77,39720.08,125179.38,32105.89,124738.58
4.81667,-7.24,-8.16,17424.25,19905.49,37763.23,43088.22,88244.9,88244.9,197359.96,136787.1,227061.05,200469.77,2515.07,132119.32,2227.77,110228.14,35205.87,115075.17,28196.75,113718.44
4.825,-6.77,-8.45,15203.02,17424.25,32998.24,37763.23,77569.85,77569.85,175222.01,120298.15,200469.77,176409.48,2151.49,120518.74,1938.14,99573.51,31157.66,105235.96,24721.61,103159.3
4.83333,-8.38,-8.08,13220.79,15203.02,28748.25,32998.24,67992.81,67992.81,155060.06,105479.2,176409.48,154737.19,1839.91,109195.16,1683.52,89446.87,27538.46,95773.75,21639.47,93153.16
4.84167,-9.07,-6.64,11456.56,13220.79,24971.26,28748.25,59429.76,59429.76,136787.1,92207.24,154737.19,135298.91,1571.34,98288.58,1455.89,79929.24,24311.25,86777.54,18913.33,83767.02
4.85,-9.84,-5.72,9891.33,11456.56,21624.27,24971.26,51797.71,51797.71,120298.15,80366.29,135298.91,117936.62,1340.76,87920,1252.19,71073.61,21439.04,78310.34,16507.19,75040.88
4.85833,-8.71,-5.94,8508.1,9891.33,18668.27,21624.27,45018.66,45018.66,105479.2,69838.34,117936.62,102487.33,1143.18,78179.42,1069.17,62911.97,18890.83,70415.13,14388.05,66993.74
4.86667,-8.67,-4.75,7287.87,8508.1,16065.28,18668.27,39016.62,39016.62,92207.24,60508.38,102487.33,88792.05,972.6,69130.84,904.01,55459.34,16632.62,63111.92,12523.91,59627.6
4.875,-7.7,-4.48,6215.63,7287.87,13782.29,16065.28,33720.57,33720.57,80366.29,52267.43,88792.05,76695.76,825.01,60813.26,1076.61,48709.7,14636.41,56407.71,10887.77,52925.46
4.88333,-7.82,-5.16,5276.4,6215.63,11786.3,13782.29,29061.52,29061.52,69838.34,45012.48,76695.76,66047.47,695.35,53242.68,938.76,42642.07,12875.2,50288.5,9454.62,46859.31
4.89167,-8.02,-6.78,4456.17,5276.4,10044.31,11786.3,24972.47,24972.47,60508.38,38643.53,66047.47,56706.19,580.48,46416.1,816.94,37225.44,11322.99,44736.29,8201.48,41394.17
4.9,-8.3,-7.67,3742.93,4456.17,8530.32,10044.31,21395.43,21395.43,52267.43,33071.57,56706.19,48536.9,479.86,40312.52,708.04,32419.8,9956.79,39720.08,7108.34,36491.03
4.90833,-8.65,-7.76,3124.69,3742.93,7217.33,8530.32,18276.38,18276.38,45012.48,28211.62,48536.9,41415.62,554.65,34894.94,611.91,28180.17,8758.58,35205.87,6156.2,32105.89
4.91667,-7.09,-8.44,2589.42,3124.69,6082.34,7217.33,15563.33,15563.33,38643.53,23983.68,41415.62,35224.33,473.24,30119.36,523.39,24457.53,7708.37,31157.66,5330.06,28196.75
4.925,-5.59,-9.43,2128.07,2589.42,5104.35,6082.34,13211.29,13211.29,33071.57,20317.74,35224.33,29862.05,403.35,25935.78,446.3,21202.9,6787.16,27538.46,4611.92,24721.61
4.93333,-6.16,-9.94,1731.51,2128.07,4264.38,5104.35,11177.25,11177.25,28211.62,17144.83,29862.05,25228.79,340.91,22288.2,377.47,18370.27,5981.95,24311.25,3989.78,21639.47
4.94167,-4.78,-9.66,1392.37,1731.51,3542.42,4264.38,9422.22,9422.22,23983.68,14406.97,25228.79,21234.55,287.84,19124.62,317.73,15909.63,5278.74,21439.04,3450.64,18913.33
4.95,-4.46,-9.45,1101.58,1392.37,2927.52,3542.42,7911.23,7911.23,20317.74,12048.24,21234.55,17801.38,241.06,16390.04,263.91,13776,4663.53,18890.83,2985.5,16507.19
4.95833,-5.19,-9.48,848.22,1101.58,2403.75,2927.52,6611.31,6611.31,17144.83,10021.83,17801.38,14855.37,201.47,14033.46,215.84,11930.37,4127.32,16632.62,2582.36,14388.05
4.96667,-6.97,-9.3,997.59,848.22,1957.32,2403.75,5500.57,5500.57,14406.97,8283.16,14855.37,12331.76,167.99,12006.88,172.35,10337.73,3660.11,14636.41,2233.22,12523.91
4.975,-7.82,-9.84,804.04,997.59,1578.71,1957.32,4550.26,4550.26,12048.24,6794.23,12331.76,10173.07,137.51,10268.3,134.28,8962.1,3252.91,12875.2,1932.08,10887.77
4.98333,-7.74,-10.31,641.7,802.72,1259.16,1578.71,3737.95,3737.95,10021.83,5522.3,10173.07,8332.55,111.96,8779.72,101.45,7775.46,2896.7,11322.99,1673.94,9454.62
4.99167,-8.75,-10.09,505.34,639.48,992.68,1259.16,3044.97,3044.97,8283.16,4444.42,8332.55,6766.06,90.24,7507.14,73.62,6750.83,2584.49,9956.79,1450.79,8201.48
5,-9.84,-9.96,391.71,502.57,739.1,992.68,2457.25,2457.25,6794.23,4160.28,6766.06,5440.92,71.27,6418.56,48.53,5867.2,2311.28,8758.58,1256.65,7108.34
5.00833,-10.02,-9.92,297.57,388.65,564.99,739.1,2305.25,2305.25,5522.3,3417.91,5440.92,5078.3,54.96,5486.98,26.95,5102.56,2073.07,7708.37,1088.51,6156.2
5.01667,-9.3,-9.96,220.66,294.44,421.91,563.79,1891.9,1891.9,4444.42,2792.06,5078.3,4157.07,41.2,4692.4,9.67,4440.93,1864.86,6787.16,942.37,5330.06
5.025,-9.67,-9.26,156.69,217.54,303.93,419.92,1544.25,1544.25,4160.28,2263.22,4149.26,3381.4,29.85,4013.82,-6.5,3869.3,1681.65,5981.95,815.23,4611.92
5.03333,-9.13,-8.53,107.25,153.87,207.11,301.49,1253.26,1253.26,3398.87,1817.16,3368.28,2729.76,19.81,3433.23,-20.72,3372.66,1518.44,5278.74,703.09,3989.78
5.04167,-9.69,-7.88,67.92,104.69,128.46,204.46,1009.81,1009.81,2760.12,1443.21,2713.24,2185.25,10.98,2938.65,-33.12,2940.03,1375.24,4663.53,604.95,3450.64
5.05,-10.35,-7.92,36.32,65.61,62.97,125.71,804.72,804.72,2222.93,1132.52,2166.89,1731.9,4.27,2515.07,-43.84,2560.4,1247.03,4127.32,518.81,2985.5
5.05833,-10.11,-8.34,12.15,34.36,12.58,60.43,633.79,633.79,1772.08,875.57,1712.82,1352.7,-1.38,2151.49,-52.97,2227.77,1132.82,3660.11,444.65,2582.36
5.06667,-9.96,-8.83,-8.87,10.27,-27.82,10.21,491.78,491.78,1396.22,661.89,1333.58,1038.1,-7.04,1839.91,-61.63,1938.14,1030.61,3252.91,379.48,2233.22
5.075,-9.92,-9.4,-24.92,-10.43,-58.49,-29.88,373.46,373.46,1085.99,484.73,1019.64,778.81,-10.76,1571.34,-69.88,1683.52,938.4,2896.7,320.23,1932.08
5.08333,-9.97,-9.69,-38.19,-26.33,-82.71,-60.33,275.55,275.55,830.94,339.54,761.46,567.34,-14.58,1340.76,-75.81,1455.89,855.19,2584.49,267.77,1673.94
5.09167,-9.11,-9.19,-47.81,-39.29,-100.71,-84.23,193.79,193.79,619.63,221.92,551.46,396.22,-17.54,1143.18,-81.49,1252.19,779.98,2311.28,220.66,1450.79
5.1,-8.35,-7.22,-53.87,-48.55,-114.65,-102,126.81,126.81,445.56,127.34,381.98,256.85,-19.67,972.6,-85.96,1069.17,710.77,2073.07,262.9,1256.65
5.10833,-7.67,-2.15,-59.45,-54.6,-124.7,-115.67,73.11,73.11,304.19,50.64,244.1,143.95,-20.99,825.01,-90.28,904.01,647.57,1864.86,223.72,1088.51
5.11667,-8.07,4.26,-61.59,-59.74,-129.94,-125.27,32.21,32.21,190.71,-11.57,132.72,53.51,-23.51,695.35,-93.49,1076.61,589.36,1681.65,190.32,942.37
5.125,-8.55,8.82,-63.33,-61.84,-133.44,-130.35,-0.31,-0.31,100.19,-60.48,43.8,-18.26,-25.27,580.48,-97.62,905.43,535.15,1518.44,160.65,815.23
5.13333,-9.12,7.01,-64.69,-63.54,-134.25,-133.54,-25.76,-25.76,26.79,-98.95,-26.53,-74.99,-27.27,479.86,-99.7,757.36,483.95,1375.24,132.67,703.09
5.14167,-9.78,2.53,-64.69,-64.69,-134.36,-134.26,-46.41,-46.41,-32.22,-128.2,-81.98,-118.45,-27.54,554.65,-100.77,629.14,437.76,1247.03,109.33,604.95
5.15,-9.53,-1.26,-64.31,-64.62,-133.8,-134.28,-62.48,-62.48,-77.43,-149.77,-124.11,-152.63,-28.07,454.24,-102.83,516.11,395.59,1132.82,87.57,518.81
5.15833,-8.36,-2.68,-63.57,-64.18,-131.55,-133.46,-75.13,-75.13,-113.3,-165.09,-157.38,-179.23,-26.87,369.4,-103.91,420.97,355.48,1030.61,69.35,444.65
5.16667,-3.25,-3.6,-62.46,-63.37,-128.6,-131.08,-85.5,-85.5,-139.2,-175.82,-183.13,-200.36,-26.95,297.63,-104.01,339.15,317.52,938.4,52.61,379.48
5.175,3.81,-4.54,-59.96,-61.97,-123.9,-127.81,-93.7,-93.7,-158.41,-182.93,-203.63,-214.82,-26.29,237.6,-104.13,268.48,280.89,855.19,37.3,320.23
5.18333,8.87,-5.53,-59.05,-59.77,-119.43,-123.12,-99.8,-99.8,-171.13,-186.94,-217.08,-224.96,-25.88,189.44,-104.29,207.63,249.06,779.98,26.34,267.77
5.19167,6.92,-6.56,-56.73,-58.56,-114.14,-118.46,-102.86,-102.86,-180.5,-189.31,-226.64,-230.52,-25.74,148.75,-103.47,154.75,271.73,710.77,17.65,220.66
5.2,1.98,-7.65,-55.97,-56.56,-109.98,-113.34,-104.93,-104.93,-185.62,-189.79,-231.4,-231.41,-25.85,114.44,-102.67,110.13,244.3,647.57,11.15,262.9
5.20833,-1.96,-8.09,-54.77,-55.7,-104.91,-108.96,-106.03,-106.03,-188.55,-188.42,-231.41,-230.04,-24.21,86.92,-100.88,73.39,220.45,589.36,4.76,219.55
5.21667,-2.92,-7.43,-53.1,-54.38,-99.86,-103.85,-107.17,-107.17,-190.33,-186.91,-229.69,-228.54,-22.81,63.99,-98.09,42.43,197.19,535.15,-1.57,182.9
5.225,-3.91,-6.84,-50.96,-52.58,-92.8,-98.32,-106.36,-106.36,-188.98,-184.6,-228.24,-225.73,-22.64,45.07,-95.26,17.33,176.51,483.95,-5.91,150.16
5.23333,-4.93,-6.31,-49.33,-50.55,-84.65,-90.95,-103.58,-103.58,-187.49,-180.51,-225.03,-221.17,-23.7,29.96,-91.36,-3.76,156.4,437.76,-10.31,121
5.24167,-6.01,-5.83,-47.18,-48.77,-77.34,-82.93,-100.83,-100.83,-185.84,-175.26,-220.04,-216.35,-23,17.5,-86.36,-22.01,137.84,395.59,-13.8,95.73
5.25,-7.14,-5.42,-46.5,-47,-70.8,-75.75,-97.07,-97.07,-182.02,-169.31,-215.21,-210.91,-23.52,7.4,-81.21,-37.17,121.82,355.48,-18.42,73.9
5.25833,-8.34,-5.98,-44.28,-45.89,-63.96,-69.07,-93.28,-93.28,-176.99,-164,-209.52,-204.56,-24.28,-0.28,-74.86,-49.79,107.29,317.52,-20.22,54.7
5.26667,-7.62,-6.59,-41.49,-43.49,-57.76,-62.34,-91.41,-91.41,-170.71,-159.08,-202.89,-197.25,-23.27,-7.33,-69.25,-60.97,94.23,280.89,-21.2,37.3
5.275,-6.97,-6.44,-39.12,-40.8,-52.14,-56.25,-88.44,-88.44,-165.11,-153.58,-195.26,-189.63,-22.49,-12.1,-62.32,-71.06,82.62,249.06,-21.39,25.26
5.28333,-6.39,-5.47,-37.13,-38.52,-47.03,-50.72,-86.36,-86.36,-160.16,-146.98,-187.56,-182.62,-22.93,-16.42,-56.01,-78.49,70.42,271.73,-22.79,16.03
5.29167,-5.87,-5.74,-35.52,-36.63,-43.4,-46,-83.12,-83.12,-154.78,-140.68,-180.73,-175.69,-22.6,-19.44,-49.24,-84.82,60.6,241.25,-22.41,8.75
5.3,-5.41,-5.94,-34.26,-35.12,-39.2,-42.17,-80.71,-80.71,-147.93,-134,-173.68,-168.51,-21.49,-21.4,-41.96,-90.34,51.13,214.5,-23.26,1.59
5.30833,-6.01,-5.88,-32.33,-33.63,-34.38,-37.74,-78.1,-78.1,-141.55,-128.52,-166.35,-161.69,-19.59,-24.28,-34.1,-94.69,40.98,189.25,-23.33,-4.29
5.31667,-6.67,-6.35,-30.73,-31.8,-28.9,-32.68,-76.27,-76.27,-134.57,-123.3,-159.67,-155.47,-17.88,-26.69,-25.56,-98.8,33.12,166.22,-22.63,-9.21
5.325,-6.39,-6.91,-29.44,-30.29,-21.69,-26.59,-73.19,-73.19,-128.92,-118.32,-153.58,-149.79,-16.34,-27.53,-17.28,-100.6,25.52,144.53,-22.16,-13.36
5.33333,-5.17,-7.01,-29.44,-29.44,-13.69,-19.06,-69.82,-69.82,-123.55,-114.45,-148.01,-143.23,-14.97,-27.77,-10.18,-102.95,18.15,125.54,-22.91,-18.42
5.34167,-6.01,-6.88,-28.73,-29.19,-5.82,-11.04,-68.16,-68.16,-118.42,-107.78,-140.9,-136.44,-13.75,-26.91,-2.18,-103.95,12.95,108.81,-22.88,-20.34
5.35,-5.9,-6.16,-27.3,-28.21,0.99,-3.47,-65.17,-65.17,-114.45,-102.13,-134.18,-130,-12.67,-26.42,6.8,-104.09,7.88,93.96,-23.08,-21.25
5.35833,-5.86,-5.19,-25.14,-26.5,8.8,3.75,-61.81,-61.81,-107.61,-97.44,-127.8,-123.19,-10.71,-25.87,14.81,-104.28,3.9,80.78,-22.5,-21.92
5.36667,-6.88,-2.87,-24.23,-24.8,16.7,11.66,-57.07,-57.07,-101.84,-93.67,-120.68,-116.9,-10.87,-25.78,21.9,-103.31,0.97,67.68,-22.15,-22.6
5.375,-6.96,-2.3,-22.56,-23.58,23.76,19.31,-53.89,-53.89,-97.08,-89.03,-114.76,-111.12,-11.13,-24.85,27.08,-101.81,-1.96,56.75,-22.02,-22.94
5.38333,-7.11,-3.6,-21.12,-21.99,31.02,26.51,-50.25,-50.25,-93.29,-85.03,-108.98,-106.06,-10.51,-22.97,32.37,-98.77,-5.91,45.7,-22.11,-23.31
5.39167,-6.32,-4.05,-19.88,-20.62,38.54,33.93,-48.11,-48.11,-88.42,-81.01,-104.28,-101.42,-9.99,-22.81,36.77,-95.15,-7.9,35.77,-22.42,-22.72
5.4,-5.59,-5.31,-18.85,-19.46,47.33,42.01,-46.46,-46.46,-84.43,-77.6,-99.62,-96.19,-9.56,-23.4,39.29,-89.85,-9.98,27.11,-22.95,-22.16
5.40833,-2.92,-5.22,-20.02,-19.34,55.43,50.6,-45.26,-45.26,-80.28,-74.15,-93.94,-91.11,-10.24,-23.36,40.93,-83.4,-13.15,18.75,-21.7,-22.9
5.41667,-2.28,-4.12,-21.38,-20.6,62.87,58.5,-42.51,-42.51,-76.93,-71.19,-89.2,-86.34,-10.02,-24.25,41.7,-75.82,-14.45,12.71,-20.66,-22.93
5.425,-3.67,-4.04,-20.94,-21.19,70.68,66.15,-39.18,-39.18,-73.34,-67.45,-84.34,-82.01,-9.89,-23.08,41.6,-68.4,-15.88,7.19,-18.82,-22.86
5.43333,-4.11,-5.19,-19.71,-20.39,78.89,74.2,-37.24,-37.24,-70.48,-63.85,-80.32,-77.91,-8.86,-22.72,39.62,-59.82,-17.48,3.01,-18.17,-22.33
5.44167,-5.58,-5.8,-17.67,-18.78,87.52,82.66,-35.67,-35.67,-66.31,-60.85,-76.1,-74.14,-7.91,-22.67,36.76,-51.48,-18.24,-0.29,-16.7,-22.07
5.45,-5.1,-5.55,-15.8,-16.8,95.62,91.13,-34.46,-34.46,-62.8,-57.12,-72.63,-70.55,-6.04,-21.38,34.02,-42.38,-19.18,-4.16,-16.4,-22.09
5.45833,-3.67,-5,-15.09,-15.47,104.22,99.53,-32.58,-32.58,-59.91,-53.9,-68.89,-67.76,-6.23,-19.02,31.4,-32.24,-19.3,-7.28,-15.26,-22.38
5.46667,-4.28,-4.75,-13.54,-14.35,112.35,107.98,-31.03,-31.03,-55.62,-51.55,-66.83,-65,-6.49,-16.95,26.89,-21.5,-18.61,-9.59,-14.28,-22.95
5.475,-5.94,-6.29,-14.12,-13.82,121.04,116.44,-28.79,-28.79,-52.88,-49.11,-63.43,-62.5,-4.81,-15.15,20.48,-11.85,-17.1,-12.96,-13.43,-21.57
5.48333,-5.65,-6.88,-12.84,-13.49,129.34,125.02,-27.84,-27.84,-50.67,-47.28,-61.67,-59.5,-4.17,-13.6,14.16,-1.84,-16.76,-14.55,-12.72,-20.2
5.49167,-5.41,-6.1,-12.69,-12.76,137.26,133.2,-26.16,-26.16,-47.96,-45.27,-57.51,-56.18,-3.58,-11.85,6.92,9.29,-15.59,-16.2,-11.12,-18.58
5.5,-4.23,-7.07,-11.66,-12.16,144.85,141.02,-24.74,-24.74,-46.73,-42.29,-54.92,-53.39,-3.02,-10.82,0.73,18.96,-15.58,-17.72,-9.65,-17.44
5.50833,-6.1,-7.19,-10.75,-11.19,153.14,149.03,-24.57,-24.57,-43.95,-39.22,-51.88,-50.62,-0.49,-11.12,-6.47,26.35,-16.72,-18.66,-9.27,-16.52
5.51667,-7.02,-8.24,-9.94,-10.32,162.17,157.77,-23.65,-23.65,-40.62,-37.43,-49.35,-48.36,-0.98,-10.39,-12.74,32.95,-16.03,-19.25,-8.98,-15.55
5.525,-6.01,-7.8,-10.24,-10.1,168.95,165.7,-23.96,-23.96,-37.68,-36.2,-47.31,-46.08,-2.48,-9.77,-19.13,37.79,-15.49,-18.81,-7.78,-14.4
5.53333,-7.07,-7.93,-9.64,-9.91,176.54,172.97,-23.51,-23.51,-37.13,-33.8,-44.74,-43.27,-3,-10.09,-24.71,40.41,-15.11,-17.35,-8.66,-13.43
5.54167,-7.19,-8.31,-9.13,-9.36,182.95,179.99,-22.28,-22.28,-34.94,-31.52,-41.62,-40.83,-3.56,-10.01,-31.53,41.67,-13.87,-16.78,-7.62,-12.52
5.55,-8.39,-8.15,-8.72,-8.9,189.22,186.38,-21.28,-21.28,-32.09,-30.14,-39.91,-39.32,-4.15,-9.56,-37.66,41.15,-13.77,-15.59,-5.66,-10.76
5.55833,-7.66,-7.74,-9.39,-9.1,195.38,192.64,-19.48,-19.48,-30.57,-28.72,-38.6,-38.19,-4.78,-8.29,-43.17,38.19,-12.81,-15.83,-4.75,-9.5
5.56667,-8.02,-7.39,-9.16,-9.25,201.45,198.8,-18.88,-18.88,-29.35,-26.93,-37.68,-37,-6.47,-6.29,-48.09,34.64,-12.98,-16.48,-3.89,-9.12
5.575,-8.45,-7.52,-8.01,-8.48,208.47,205.46,-18.47,-18.47,-27.42,-25.66,-36.12,-35.61,-8.22,-6.27,-53.5,31.19,-12.27,-15.77,-4.08,-8.23
5.58333,-7.96,-8.24,-8.95,-8.56,215.45,212.51,-17.24,-17.24,-25.77,-25.09,-34.93,-34.15,-9.05,-5.8,-58.42,24.84,-12.69,-15.26,-3.3,-8.44
5.59167,-7.55,-9.03,-8.97,-8.96,221.41,218.96,-17.19,-17.19,-25.37,-23.8,-33.07,-32.45,-10.97,-4.38,-62.93,16.73,-12.23,-14.2,-2.55,-7.75
5.6,-7.22,-9.69,-8.08,-8.43,226.4,224.39,-16.3,-16.3,-24.23,-22.39,-31.55,-30.66,-12,-3.61,-67.05,7.88,-10.89,-13.78,-1.83,-5.66
5.60833,-7.96,-9.42,-7.26,-7.58,231.41,229.43,-14.57,-14.57,-22.32,-22.56,-29.34,-28.98,-13.14,-2.46,-69.82,-0.29,-9.65,-12.82,-0.12,-4.64
5.61667,-8.78,-7.79,-6.52,-6.8,234.47,233.29,-13.99,-13.99,-22.64,-22,-28.42,-28.18,-14.42,-0.73,-71.28,-9.07,-9.52,-12.89,0.58,-3.94
5.625,-9.69,-7.95,-5.85,-6.09,238.61,237.05,-13.55,-13.55,-22.19,-20.82,-27.79,-27.65,-16.85,-2.13,-74.44,-17.14,-8.48,-12.37,1.29,-3.78
5.63333,-9.69,-8.18,-5.23,-5.45,242.83,241.27,-13.25,-13.25,-20.95,-19.83,-27.43,-27.03,-18.43,-3.02,-74.33,-24.49,-8.52,-12.52,3.01,-2.92
5.64167,-7.78,-7.61,-4.67,-4.86,246.14,244.94,-13.07,-13.07,-19.92,-19.11,-26.34,-25.68,-19.2,-3.74,-73.94,-32.98,-7.65,-11.56,4.75,-2.1
5.65,-7.95,-6.23,-5.15,-4.99,248.56,247.7,-13.03,-13.03,-19.08,-19.42,-24.51,-24.31,-19.15,-4.52,-72.28,-40.47,-7.86,-10.11,5.51,-0.55
5.65833,-8.2,-6.27,-4.69,-4.84,250.09,249.56,-12.12,-12.12,-19.45,-18.94,-23.93,-23.12,-20.3,-6.22,-71.34,-47.02,-7.14,-9.55,5.29,0.5
5.66667,-7.53,-6.75,-4.26,-4.4,250.75,250.53,-12.32,-12.32,-18.99,-16.73,-21.58,-21.19,-21.65,-8.32,-71.09,-53.77,-6.49,-8.6,5.1,1.29
5.675,-5.93,-6.68,-3.89,-4.01,251.53,251.27,-12.66,-12.66,-16.73,-15.65,-20.44,-19.8,-23.22,-9.81,-68.55,-59.91,-5.9,-8.51,5.94,3.23
5.68333,-6.39,-5.79,-2.54,-2.96,252.43,252.14,-12.11,-12.11,-15.62,-14.73,-18.5,-18.26,-25.01,-11.66,-65.67,-65.41,-4.37,-7.68,7.8,4.94
5.69167,-6.92,-6,-2.23,-2.32,252.46,252.45,-12.69,-12.69,-14.68,-14.87,-17.76,-17.58,-27.06,-13.08,-60.42,-69.48,-3.89,-7.66,8.7,5.43
5.7,-6.52,-7.63,-1.94,-2.02,251.61,251.87,-12.39,-12.39,-14.89,-14.3,-17.19,-17.07,-27.36,-14.94,-54.77,-71.76,-2.44,-6.88,9.62,5.2
5.70833,-5.18,-8.65,-1.66,-1.74,250.87,251.09,-12.21,-12.21,-14.24,-13.8,-16.79,-16.42,-26.93,-17.62,-48.65,-74.39,-2.02,-6.18,9.59,5.62
5.71667,-6.9,-8.27,-2.41,-2.21,247.24,248.28,-11.15,-11.15,-13.73,-13.42,-15.55,-15.24,-27.77,-19.02,-42.01,-74.06,-1.62,-4.91,9.58,7.33
5.725,-8.69,-7.09,-2.19,-2.25,245.69,246.12,-11.2,-11.2,-13.36,-13.17,-14.47,-14.49,-27.88,-19.19,-32.76,-72.33,-1.23,-3.99,9.61,8.58
5.73333,-8.56,-5.53,-2.98,-2.77,242.23,243.16,-11.37,-11.37,-13.13,-13.85,-14.54,-14.33,-27.26,-20.71,-21.83,-71.28,0.14,-2.57,10.68,9.62
5.74167,-7.51,-5.61,-2.8,-2.85,237.82,238.97,-10.64,-10.64,-14.03,-13.27,-13.75,-13.32,-26.91,-22.55,-12.12,-69.77,0.51,-2,11.78,9.59
5.75,-5.52,-5.74,-2.65,-2.69,232.45,233.8,-10.02,-10.02,-13.06,-12.42,-12.09,-11.96,-25.83,-24.73,-2.53,-66.26,0.88,-1.56,11.92,9.59
5.75833,-5.6,-5.91,-2.53,-2.56,226.09,227.64,-9.5,-9.5,-12.21,-10.96,-11.56,-11.7,-24.99,-27.09,9.04,-60.05,1.26,-0.84,12.1,10.01
5.76667,-5.74,-4.39,-2.43,-2.45,218.72,220.46,-9.07,-9.07,-10.49,-10.76,-12.14,-12.07,-24.41,-27.19,20.69,-52.69,1.64,0.29,10.31,11.23
5.775,-5.93,-2.78,-1.35,-1.58,211.31,212.99,-8.73,-8.73,-10.88,-10.54,-11.85,-11.81,-23.06,-27.48,32.49,-44.58,2.03,0.71,9.55,11.87
5.78333,-4.17,-1.94,-1.28,-1.3,202.83,204.68,-8.48,-8.48,-10.37,-10.76,-11.67,-11.66,-20.94,-27.87,43.5,-33.81,2.41,1.14,6.82,12.05
5.79167,-2.45,-1.3,-1.23,-1.24,194.24,196.05,-8.32,-8.32,-10.98,-11.42,-11.61,-11.62,-19.02,-27.19,54.74,-20.28,1.81,1.57,4.12,10.53
5.8,-1.76,0.54,-1.2,-1.21,184.51,186.47,-9.24,-9.24,-11.69,-11.58,-11.66,-11.7,-16.29,-26.39,66.24,-7.96,0.2,2,2.45,9.55
5.80833,-1.08,3.04,-2.18,-2,173.6,175.71,-8.24,-8.24,-11.51,-11.48,-11.83,-11.89,-14.72,-25.2,75.02,5.66,-1.41,2.38,0.8,6.48
5.81667,1.59,4.15,-3.18,-3,161.46,163.71,-5.32,-5.32,-11.45,-11.48,-12.12,-12.2,-11.29,-24.38,84.11,20.47,-2.04,1.51,0.15,3.7
5.825,4.28,4.31,-3.21,-3.21,149.07,151.25,-4.46,-4.46,-11.5,-11.59,-12.53,-12.45,-4.95,-22.45,92.51,35.3,-3.68,-0.31,-0.49,1.83
5.83333,4,5.03,-2.27,-2.42,136.36,138.5,-4.65,-4.65,-11.67,-11.81,-12.06,-12.17,-1.68,-19.86,98.25,49.44,-5.37,-1.69,0.88,0.47
5.84167,4.76,6.62,-2.35,-2.34,121.31,123.71,-4.88,-4.88,-11.95,-12.14,-12.71,-12.84,-1.45,-16.74,102.34,63.96,-5.1,-2.98,0.24,-0.25
5.85,5.57,10.04,-2.46,-2.44,105.85,108.19,-6.18,-6.18,-12.35,-12.14,-13.49,-13.48,-1.23,-14.35,103.8,75.71,-5.88,-4.86,-1.4,0.54
5.85833,9.44,12.67,-2.59,-2.57,89.96,92.23,-6.52,-6.52,-11.87,-11.29,-13.4,-13.41,-2.04,-8.89,106.63,87.04,-6.72,-5.14,-3.06,0.32
5.86667,12.39,14.5,-2.75,-2.73,72.58,74.92,-6.94,-6.94,-10.5,-10.4,-13.45,-13.33,-2.87,-2.83,108.84,96.08,-8.64,-5.84,-4.74,-1.4
5.875,14.42,15.57,-4.95,-4.68,53.66,56.04,-6.42,-6.42,-10.25,-10.56,-12.62,-12.53,-2.72,-1.47,108.43,101.92,-9.63,-6.88,-5.47,-3.27
5.88333,15.56,17.67,-6.19,-6.05,35.13,37.31,-6.96,-6.96,-11.09,-11.43,-11.91,-11.96,-2.59,-1.39,107.4,104.28,-11.73,-8.85,-5.24,-4.92
5.89167,17.81,19.87,-6.49,-6.45,15.89,17.99,-7.57,-7.57,-12.05,-11.75,-12.33,-12.39,-1.49,-2.42,103.76,107.61,-12.94,-10.34,-5.07,-5.38
5.9,20.18,22.19,-5.85,-5.91,-6.23,-4,-6.25,-6.25,-11.12,-11.18,-12.88,-12.95,-1.4,-2.76,98.49,108.54,-14.28,-12.29,-4.94,-5.15
5.90833,22.68,25.36,-6.27,-6.23,-28.43,-26.37,-4.99,-4.99,-11.31,-11.11,-13.55,-13.63,-1.33,-2.58,92.58,107.41,-16.77,-13.74,-5.87,-4.99
5.91667,26.33,30.21,-7.75,-7.63,-51.92,-49.94,-4.78,-4.78,-10.6,-10.7,-14.36,-14.44,-0.27,-1.47,84.03,102.36,-18.41,-16.07,-5.85,-5.64
5.925,32.13,35.12,-9.32,-9.21,-75.93,-74.12,-3.62,-3.62,-11.01,-11.35,-15.32,-15.4,0.79,-1.36,75.83,95.31,-19.24,-18.16,-4.89,-5.85
5.93333,37.1,38.79,-10.98,-10.88,-101.71,-99.98,-3.5,-3.5,-12.53,-12.66,-16.42,-16.44,0.85,-0.46,65.95,85.65,-19.25,-19.22,-3.96,-4.89
5.94167,40.25,42.75,-12.75,-12.65,-128.52,-126.94,-3.41,-3.41,-13.17,-13.48,-16.69,-16.77,6.92,0.8,55.39,74.99,-20.45,-19.38,-2.08,-3.73
5.95,45.6,48.23,-13.64,-13.6,-157.61,-156.15,-3.35,-3.35,-14.95,-15.09,-18.12,-18.2,9.01,3.09,46.12,62.17,-20.86,-20.55,0.79,-1.36
5.95833,52.15,54.08,-12.66,-12.7,-189.29,-187.96,-3.33,-3.33,-15.87,-16,-19.74,-19.82,7.1,8.26,34.12,49.53,-22.47,-21.44,1.66,1.12
5.96667,57.92,59.52,-13.81,-13.78,-222.86,-221.73,-1.33,-1.33,-16.95,-16.97,-21.55,-21.59,4.2,7.27,20.36,35.26,-23.31,-22.88,3.55,2.61
5.975,63.92,65.37,-16.11,-16.05,-257.64,-256.77,0.65,0.65,-17.19,-17.3,-22.58,-22.64,1.32,3.67,7.77,18.11,-23.37,-23.35,5.45,4.73
5.98333,71.16,72.29,-17.56,-17.54,-293.99,-293.37,2.63,2.63,-18.61,-18.69,-24.83,-24.84,-1.57,0,-5.76,1.64,-22.66,-22.84,8.37,7.64
5.99167,79.65,80.5,-19.18,-19.17,-335.23,-334.89,3.62,3.62,-20.21,-20.23,-25.32,-25.34,-4.47,-3.68,-19.34,-15.63,-24.18,-23.99,10.32,10.08
6,92.39,92.39,-19.99,-19.99,-380.73,-380.73,4.61,4.61,-21.01,-21.01,-27.06,-27.06,-7.41,-7.41,-34.09,-34.09,-24.94,-24.94,12.29,12.29
